site_name,date,status,site_total_kwh,incident_id,focus_inverter_name,Symo Advanced 15.0-3 480 (1) (AEFA7D)__rated_kw,Symo Advanced 15.0-3 480 (1) (AEFA7D)__daily_energy_kwh,Symo Advanced 15.0-3 480 (1) (AEFA7D)__specific_yield_kwh_per_kw,Symo Advanced 15.0-3 480 (1) (AEFA7D)__relative_specific_yield_vs_site_avg,Symo Advanced 15.0-3 480 (2) (E2D8ED)__rated_kw,Symo Advanced 15.0-3 480 (2) (E2D8ED)__daily_energy_kwh,Symo Advanced 15.0-3 480 (2) (E2D8ED)__specific_yield_kwh_per_kw,Symo Advanced 15.0-3 480 (2) (E2D8ED)__relative_specific_yield_vs_site_avg
NW11-9-12-w4,2024-01-03,Normal,109.29,,,15.0,64.94,4.329333,1.188398,15.0,44.35,2.956667,0.811602
NW11-9-12-w4,2024-01-04,Normal,141.97,,,15.0,85.22,5.681333,1.200535,15.0,56.75,3.783333,0.799465
NW11-9-12-w4,2024-01-05,Normal,130.59,,,15.0,77.14,5.142667,1.181407,15.0,53.45,3.563333,0.818593
NW11-9-12-w4,2024-01-06,Normal,49.61,,,15.0,30.11,2.007333,1.213868,15.0,19.5,1.3,0.786132
NW11-9-12-w4,2024-01-07,Normal,18.34,,,15.0,8.79,0.586,0.958561,15.0,9.55,0.636667,1.041439
NW11-9-12-w4,2024-01-08,Normal,51.1,,,15.0,21.35,1.423333,0.835616,15.0,29.75,1.983333,1.164384
NW11-9-12-w4,2024-01-09,Normal,78.59,,,15.0,44.77,2.984667,1.139331,15.0,33.82,2.254667,0.860669
NW11-9-12-w4,2024-01-10,Normal,13.03,,,15.0,6.85,0.456667,1.05142,15.0,6.18,0.412,0.94858
NW11-9-12-w4,2024-01-11,Normal,10.64,,,15.0,5.82,0.388,1.093985,15.0,4.82,0.321333,0.906015
NW11-9-12-w4,2024-01-12,Normal,32.46,,,15.0,15.26,1.017333,0.940234,15.0,17.2,1.146667,1.059766
NW11-9-12-w4,2024-01-13,sustained_underperformance,57.08,FRONIUS-786a60d9-1c64-47c8-8cc5--G001,Symo Advanced 15.0-3 480 (1) (AEFA7D),15.0,18.36,1.224,0.643308,15.0,38.72,2.581333,1.356692
NW11-9-12-w4,2024-01-14,sustained_underperformance,71.79,FRONIUS-786a60d9-1c64-47c8-8cc5--G001,Symo Advanced 15.0-3 480 (1) (AEFA7D),15.0,27.31,1.820667,0.76083,15.0,44.48,2.965333,1.23917
NW11-9-12-w4,2024-01-15,sustained_underperformance,87.44,FRONIUS-786a60d9-1c64-47c8-8cc5--G001,Symo Advanced 15.0-3 480 (1) (AEFA7D),15.0,31.97,2.131333,0.731244,15.0,55.47,3.698,1.268756
NW11-9-12-w4,2024-01-16,sustained_underperformance,48.18,FRONIUS-786a60d9-1c64-47c8-8cc5--G001,Symo Advanced 15.0-3 480 (1) (AEFA7D),15.0,20.41,1.360667,0.84724,15.0,27.77,1.851333,1.15276
NW11-9-12-w4,2024-01-17,Normal,12.73,,,15.0,7.43,0.495333,1.167321,15.0,5.3,0.353333,0.832679
NW11-9-12-w4,2024-01-18,Normal,20.11,,,15.0,11.85,0.79,1.178518,15.0,8.26,0.550667,0.821482
NW11-9-12-w4,2024-01-19,Normal,19.96,,,15.0,11.66,0.777333,1.168337,15.0,8.3,0.553333,0.831663
NW11-9-12-w4,2024-01-20,Normal,34.01,,,15.0,10.57,0.704667,0.621582,15.0,23.44,1.562667,1.378418
NW11-9-12-w4,2024-01-21,Normal,47.8,,,15.0,21.86,1.457333,0.914644,15.0,25.94,1.729333,1.085356
NW11-9-12-w4,,Marker - 166 additional day(s) without incident,,,,,,,,,,,
NW11-9-12-w4,2024-07-06,Normal,229.09,,,15.0,127.01,8.467333,1.108822,15.0,102.08,6.805333,0.891178
NW11-9-12-w4,2024-07-07,Normal,271.43,,,15.0,151.77,10.118,1.118299,15.0,119.66,7.977333,0.881701
NW11-9-12-w4,2024-07-08,Normal,270.06,,,15.0,151.52,10.101333,1.122121,15.0,118.54,7.902667,0.877879
NW11-9-12-w4,2024-07-09,Normal,268.45,,,15.0,151.27,10.084667,1.126988,15.0,117.18,7.812,0.873012
NW11-9-12-w4,2024-07-10,Normal,267.3,,,15.0,150.2,10.013333,1.123831,15.0,117.1,7.806667,0.876169
NW11-9-12-w4,2024-07-11,offline_or_near_zero,117.59,FRONIUS-786a60d9-1c64-47c8-8cc5--G002,Symo Advanced 15.0-3 480 (1) (AEFA7D),15.0,0.0,0.0,0.0,15.0,117.59,7.839333,2.0
NW11-9-12-w4,2024-07-12,offline_or_near_zero,116.16,FRONIUS-786a60d9-1c64-47c8-8cc5--G002,Symo Advanced 15.0-3 480 (1) (AEFA7D),15.0,0.0,0.0,0.0,15.0,116.16,7.744,2.0
NW11-9-12-w4,2024-07-13,offline_or_near_zero,112.44,FRONIUS-786a60d9-1c64-47c8-8cc5--G002,Symo Advanced 15.0-3 480 (1) (AEFA7D),15.0,0.0,0.0,0.0,15.0,112.44,7.496,2.0
NW11-9-12-w4,2024-07-14,offline_or_near_zero,116.17,FRONIUS-786a60d9-1c64-47c8-8cc5--G002,Symo Advanced 15.0-3 480 (1) (AEFA7D),15.0,0.0,0.0,0.0,15.0,116.17,7.744667,2.0
NW11-9-12-w4,2024-07-15,offline_or_near_zero,113.66,FRONIUS-786a60d9-1c64-47c8-8cc5--G002,Symo Advanced 15.0-3 480 (1) (AEFA7D),15.0,0.0,0.0,0.0,15.0,113.66,7.577333,2.0
NW11-9-12-w4,2024-07-16,Normal,139.68,,,15.0,26.41,1.760667,0.37815,15.0,113.27,7.551333,1.62185
NW11-9-12-w4,2024-07-17,Normal,265.59,,,15.0,149.48,9.965333,1.125645,15.0,116.11,7.740667,0.874355
NW11-9-12-w4,2024-07-18,Normal,,,,15.0,0.0,0.0,,15.0,0.0,0.0,
NW11-9-12-w4,2024-07-19,Normal,,,,15.0,0.0,0.0,,15.0,0.0,0.0,
NW11-9-12-w4,2024-07-20,Normal,,,,15.0,0.0,0.0,,15.0,0.0,0.0,
NW11-9-12-w4,2024-07-21,Normal,,,,15.0,0.0,0.0,,15.0,0.0,0.0,
NW11-9-12-w4,2024-07-22,Normal,,,,15.0,0.0,0.0,,15.0,0.0,0.0,
NW11-9-12-w4,2024-07-23,Normal,,,,15.0,0.0,0.0,,15.0,0.0,0.0,
NW11-9-12-w4,2024-07-24,Normal,,,,15.0,0.0,0.0,,15.0,0.0,0.0,
NW11-9-12-w4,2024-07-25,Normal,,,,15.0,0.0,0.0,,15.0,0.0,0.0,
