site_name,date,status,site_total_kwh,incident_id,focus_inverter_name,Symo Advanced 24.0-3 480 (1) (0D335E)__rated_kw,Symo Advanced 24.0-3 480 (1) (0D335E)__daily_energy_kwh,Symo Advanced 24.0-3 480 (1) (0D335E)__specific_yield_kwh_per_kw,Symo Advanced 24.0-3 480 (1) (0D335E)__relative_specific_yield_vs_site_avg,Symo Advanced 24.0-3 480 (2) (87D555)__rated_kw,Symo Advanced 24.0-3 480 (2) (87D555)__daily_energy_kwh,Symo Advanced 24.0-3 480 (2) (87D555)__specific_yield_kwh_per_kw,Symo Advanced 24.0-3 480 (2) (87D555)__relative_specific_yield_vs_site_avg
SW29-8-11-w4,2023-12-12,Normal,,,,24.0,0.0,0.0,,24.0,0.0,0.0,
SW29-8-11-w4,2023-12-13,Normal,,,,24.0,0.0,0.0,,24.0,0.0,0.0,
SW29-8-11-w4,2023-12-14,Normal,,,,24.0,0.0,0.0,,24.0,0.0,0.0,
SW29-8-11-w4,2023-12-15,Normal,,,,24.0,0.0,0.0,,24.0,0.0,0.0,
SW29-8-11-w4,2023-12-16,Normal,,,,24.0,0.0,0.0,,24.0,0.0,0.0,
SW29-8-11-w4,2023-12-17,Normal,,,,24.0,0.0,0.0,,24.0,0.0,0.0,
SW29-8-11-w4,2023-12-18,Normal,,,,24.0,0.0,0.0,,24.0,0.0,0.0,
SW29-8-11-w4,2023-12-19,Normal,,,,24.0,0.0,0.0,,24.0,0.0,0.0,
SW29-8-11-w4,2023-12-20,Normal,,,,24.0,0.0,0.0,,24.0,0.0,0.0,
SW29-8-11-w4,2023-12-21,Normal,105.64,,,24.0,42.2,1.758333,0.79894,24.0,63.44,2.643333,1.20106
SW29-8-11-w4,2023-12-22,site_missing_data,105.64,FRONIUS-ab8e0174-0a82-4a59-ac40--G001,ALL_INVERTERS,24.0,0.0,0.0,,24.0,0.0,0.0,
SW29-8-11-w4,2023-12-23,site_missing_data,105.64,FRONIUS-ab8e0174-0a82-4a59-ac40--G001,ALL_INVERTERS,24.0,0.0,0.0,,24.0,0.0,0.0,
SW29-8-11-w4,2023-12-24,site_missing_data,105.64,FRONIUS-ab8e0174-0a82-4a59-ac40--G001,ALL_INVERTERS,24.0,0.0,0.0,,24.0,0.0,0.0,
SW29-8-11-w4,2023-12-25,site_missing_data,105.64,FRONIUS-ab8e0174-0a82-4a59-ac40--G001,ALL_INVERTERS,24.0,0.0,0.0,,24.0,0.0,0.0,
SW29-8-11-w4,2023-12-26,site_missing_data,105.64,FRONIUS-ab8e0174-0a82-4a59-ac40--G001,ALL_INVERTERS,24.0,0.0,0.0,,24.0,0.0,0.0,
SW29-8-11-w4,2023-12-27,site_missing_data,105.64,FRONIUS-ab8e0174-0a82-4a59-ac40--G001,ALL_INVERTERS,24.0,0.0,0.0,,24.0,0.0,0.0,
SW29-8-11-w4,2023-12-28,site_missing_data,105.64,FRONIUS-ab8e0174-0a82-4a59-ac40--G001,ALL_INVERTERS,24.0,0.0,0.0,,24.0,0.0,0.0,
SW29-8-11-w4,2023-12-29,site_missing_data,149.56,FRONIUS-ab8e0174-0a82-4a59-ac40--G001,ALL_INVERTERS,24.0,0.0,0.0,,24.0,0.0,0.0,
SW29-8-11-w4,2023-12-30,site_missing_data,109.325,FRONIUS-ab8e0174-0a82-4a59-ac40--G001,ALL_INVERTERS,24.0,0.0,0.0,,24.0,0.0,0.0,
SW29-8-11-w4,2023-12-31,site_missing_data,69.09,FRONIUS-ab8e0174-0a82-4a59-ac40--G001,ALL_INVERTERS,24.0,0.0,0.0,,24.0,0.0,0.0,
SW29-8-11-w4,2024-01-01,site_missing_data,60.995,FRONIUS-ab8e0174-0a82-4a59-ac40--G001,ALL_INVERTERS,24.0,0.0,0.0,,24.0,0.0,0.0,
SW29-8-11-w4,2024-01-02,site_missing_data,69.09,FRONIUS-ab8e0174-0a82-4a59-ac40--G001,ALL_INVERTERS,24.0,0.0,0.0,,24.0,0.0,0.0,
SW29-8-11-w4,2024-01-03,site_missing_data,60.995,FRONIUS-ab8e0174-0a82-4a59-ac40--G001,ALL_INVERTERS,24.0,0.0,0.0,,24.0,0.0,0.0,
SW29-8-11-w4,2024-01-04,site_missing_data,52.9,FRONIUS-ab8e0174-0a82-4a59-ac40--G001,ALL_INVERTERS,24.0,0.0,0.0,,24.0,0.0,0.0,
SW29-8-11-w4,2024-01-05,Normal,149.56,,,24.0,64.07,2.669583,0.85678,24.0,85.49,3.562083,1.14322
SW29-8-11-w4,2024-01-06,Normal,69.09,,,24.0,29.17,1.215417,0.844406,24.0,39.92,1.663333,1.155594
SW29-8-11-w4,2024-01-07,Normal,21.52,,,24.0,10.24,0.426667,0.951673,24.0,11.28,0.47,1.048327
SW29-8-11-w4,2024-01-08,Normal,52.9,,,24.0,28.97,1.207083,1.095274,24.0,23.93,0.997083,0.904726
SW29-8-11-w4,,Marker - 0 additional day(s) without incident,,,,,,,,,,,
SW29-8-11-w4,2024-01-09,Normal,112.03,,,24.0,48.24,2.01,0.861198,24.0,63.79,2.657917,1.138802
SW29-8-11-w4,2024-01-10,Normal,16.05,,,24.0,7.35,0.30625,0.915888,24.0,8.7,0.3625,1.084112
SW29-8-11-w4,2024-01-11,Normal,12.92,,,24.0,5.88,0.245,0.910217,24.0,7.04,0.293333,1.089783
SW29-8-11-w4,2024-01-12,Normal,34.23,,,24.0,18.22,0.759167,1.064563,24.0,16.01,0.667083,0.935437
SW29-8-11-w4,2024-01-13,sustained_underperformance,54.2,FRONIUS-ab8e0174-0a82-4a59-ac40--G002,Symo Advanced 24.0-3 480 (2) (87D555),24.0,36.55,1.522917,1.348708,24.0,17.65,0.735417,0.651292
SW29-8-11-w4,2024-01-14,sustained_underperformance,51.04,FRONIUS-ab8e0174-0a82-4a59-ac40--G002,Symo Advanced 24.0-3 480 (2) (87D555),24.0,34.12,1.421667,1.336991,24.0,16.92,0.705,0.663009
SW29-8-11-w4,2024-01-15,sustained_underperformance,65.44,FRONIUS-ab8e0174-0a82-4a59-ac40--G002,Symo Advanced 24.0-3 480 (2) (87D555),24.0,38.26,1.594167,1.169315,24.0,27.18,1.1325,0.830685
SW29-8-11-w4,2024-01-16,Normal,33.57,,,24.0,21.86,0.910833,1.302353,24.0,11.71,0.487917,0.697647
SW29-8-11-w4,2024-01-17,Normal,14.65,,,24.0,6.24,0.26,0.851877,24.0,8.41,0.350417,1.148123
SW29-8-11-w4,2024-01-18,Normal,22.96,,,24.0,10.18,0.424167,0.88676,24.0,12.78,0.5325,1.11324
SW29-8-11-w4,2024-01-19,Normal,21.6,,,24.0,9.52,0.396667,0.881481,24.0,12.08,0.503333,1.118519
SW29-8-11-w4,2024-01-20,Normal,74.13,,,24.0,40.93,1.705417,1.104276,24.0,33.2,1.383333,0.895724
SW29-8-11-w4,,Marker - 181 additional day(s) without incident,,,,,,,,,,,
SW29-8-11-w4,2024-07-20,Normal,374.02,,,24.0,166.58,6.940833,0.890755,24.0,207.44,8.643333,1.109245
SW29-8-11-w4,2024-07-21,Normal,359.77,,,24.0,158.76,6.615,0.882564,24.0,201.01,8.375417,1.117436
SW29-8-11-w4,2024-07-22,Normal,307.09,,,24.0,129.33,5.38875,0.842294,24.0,177.76,7.406667,1.157706
SW29-8-11-w4,2024-07-23,Normal,361.45,,,24.0,159.44,6.643333,0.882224,24.0,202.01,8.417083,1.117776
SW29-8-11-w4,2024-07-24,Normal,368.11,,,24.0,163.19,6.799583,0.886637,24.0,204.92,8.538333,1.113363
SW29-8-11-w4,2024-07-25,offline_or_near_zero,179.88,FRONIUS-ab8e0174-0a82-4a59-ac40--G003,Symo Advanced 24.0-3 480 (1) (0D335E),24.0,0.9,0.0375,0.010007,24.0,178.98,7.4575,1.989993
SW29-8-11-w4,2024-07-26,Normal,385.08,,,24.0,175.46,7.310833,0.911291,24.0,209.62,8.734167,1.088709
SW29-8-11-w4,2024-07-27,Normal,341.5,,,24.0,152.59,6.357917,0.893646,24.0,188.91,7.87125,1.106354
SW29-8-11-w4,2024-07-28,Normal,342.85,,,24.0,152.97,6.37375,0.892344,24.0,189.88,7.911667,1.107656
SW29-8-11-w4,2024-07-29,Normal,362.04,,,24.0,162.82,6.784167,0.899459,24.0,199.22,8.300833,1.100541
SW29-8-11-w4,2024-07-30,Normal,335.67,,,24.0,150.91,6.287917,0.899157,24.0,184.76,7.698333,1.100843
SW29-8-11-w4,,Marker - 184 additional day(s) without incident,,,,,,,,,,,
SW29-8-11-w4,2025-01-31,Normal,126.44,,,24.0,54.6,2.275,0.863651,24.0,71.84,2.993333,1.136349
SW29-8-11-w4,2025-02-01,Normal,42.28,,,24.0,18.28,0.761667,0.864711,24.0,24.0,1.0,1.135289
SW29-8-11-w4,2025-02-02,Normal,42.0,,,24.0,18.04,0.751667,0.859048,24.0,23.96,0.998333,1.140952
SW29-8-11-w4,2025-02-03,Normal,31.83,,,24.0,15.66,0.6525,0.983977,24.0,16.17,0.67375,1.016023
SW29-8-11-w4,2025-02-04,Normal,16.71,,,24.0,5.98,0.249167,0.715739,24.0,10.73,0.447083,1.284261
SW29-8-11-w4,2025-02-05,sustained_underperformance,52.28,FRONIUS-ab8e0174-0a82-4a59-ac40--G004,Symo Advanced 24.0-3 480 (2) (87D555),24.0,33.43,1.392917,1.278883,24.0,18.85,0.785417,0.721117
SW29-8-11-w4,2025-02-06,sustained_underperformance,88.58,FRONIUS-ab8e0174-0a82-4a59-ac40--G004,Symo Advanced 24.0-3 480 (2) (87D555),24.0,68.13,2.83875,1.53827,24.0,20.45,0.852083,0.46173
SW29-8-11-w4,2025-02-07,sustained_underperformance,79.3,FRONIUS-ab8e0174-0a82-4a59-ac40--G004,Symo Advanced 24.0-3 480 (2) (87D555),24.0,50.43,2.10125,1.271879,24.0,28.87,1.202917,0.728121
SW29-8-11-w4,2025-02-08,sustained_underperformance,105.21,FRONIUS-ab8e0174-0a82-4a59-ac40--G004,Symo Advanced 24.0-3 480 (2) (87D555),24.0,60.93,2.53875,1.158255,24.0,44.28,1.845,0.841745
SW29-8-11-w4,2025-02-09,sustained_underperformance,72.61,FRONIUS-ab8e0174-0a82-4a59-ac40--G004,Symo Advanced 24.0-3 480 (2) (87D555),24.0,41.0,1.708333,1.129321,24.0,31.61,1.317083,0.870679
SW29-8-11-w4,2025-02-10,sustained_underperformance,89.58,FRONIUS-ab8e0174-0a82-4a59-ac40--G004,Symo Advanced 24.0-3 480 (2) (87D555),24.0,51.47,2.144583,1.14914,24.0,38.11,1.587917,0.85086
SW29-8-11-w4,2025-02-11,sustained_underperformance,107.79,FRONIUS-ab8e0174-0a82-4a59-ac40--G004,Symo Advanced 24.0-3 480 (2) (87D555),24.0,62.75,2.614583,1.164301,24.0,45.04,1.876667,0.835699
SW29-8-11-w4,2025-02-12,sustained_underperformance,162.27,FRONIUS-ab8e0174-0a82-4a59-ac40--G004,Symo Advanced 24.0-3 480 (2) (87D555),24.0,94.62,3.9425,1.166204,24.0,67.65,2.81875,0.833796
SW29-8-11-w4,2025-02-13,Normal,218.85,,,24.0,120.85,5.035417,1.104409,24.0,98.0,4.083333,0.895591
SW29-8-11-w4,2025-02-14,Normal,39.26,,,24.0,20.4,0.85,1.039226,24.0,18.86,0.785833,0.960774
SW29-8-11-w4,2025-02-15,Normal,41.35,,,24.0,19.72,0.821667,0.953809,24.0,21.63,0.90125,1.046191
SW29-8-11-w4,2025-02-16,Normal,30.49,,,24.0,14.21,0.592083,0.932109,24.0,16.28,0.678333,1.067891
SW29-8-11-w4,2025-02-17,Normal,52.29,,,24.0,28.08,1.17,1.07401,24.0,24.21,1.00875,0.92599
SW29-8-11-w4,,Marker - 128 additional day(s) without incident,,,,,,,,,,,
SW29-8-11-w4,2025-06-26,Normal,336.03,,,24.0,148.54,6.189167,0.884088,24.0,187.49,7.812083,1.115912
SW29-8-11-w4,2025-06-27,Normal,253.88,,,24.0,52.31,2.179583,0.412084,24.0,201.57,8.39875,1.587916
SW29-8-11-w4,2025-06-28,Normal,337.83,,,24.0,153.92,6.413333,0.911228,24.0,183.91,7.662917,1.088772
SW29-8-11-w4,2025-06-29,Normal,381.91,,,24.0,175.73,7.322083,0.920269,24.0,206.18,8.590833,1.079731
SW29-8-11-w4,2025-06-30,Normal,397.64,,,24.0,182.04,7.585,0.915602,24.0,215.6,8.983333,1.084398
SW29-8-11-w4,2025-07-01,multiple_inverter_issues,213.98,FRONIUS-ab8e0174-0a82-4a59-ac40--G005,Symo Advanced 24.0-3 480 (1) (0D335E),24.0,0.0,0.0,0.0,24.0,213.98,8.915833,2.0
SW29-8-11-w4,2025-07-02,multiple_inverter_issues,347.56,FRONIUS-ab8e0174-0a82-4a59-ac40--G005,Symo Advanced 24.0-3 480 (1) (0D335E),24.0,152.92,6.371667,0.879963,24.0,194.64,8.11,1.120037
SW29-8-11-w4,2025-07-03,multiple_inverter_issues,216.35,FRONIUS-ab8e0174-0a82-4a59-ac40--G005,Symo Advanced 24.0-3 480 (1) (0D335E),24.0,0.0,0.0,0.0,24.0,216.35,9.014583,2.0
SW29-8-11-w4,2025-07-04,multiple_inverter_issues,203.65,FRONIUS-ab8e0174-0a82-4a59-ac40--G005,Symo Advanced 24.0-3 480 (1) (0D335E),24.0,0.0,0.0,0.0,24.0,203.65,8.485417,2.0
SW29-8-11-w4,2025-07-05,multiple_inverter_issues,82.05,FRONIUS-ab8e0174-0a82-4a59-ac40--G005,Symo Advanced 24.0-3 480 (1) (0D335E),24.0,0.0,0.0,0.0,24.0,82.05,3.41875,2.0
SW29-8-11-w4,2025-07-06,multiple_inverter_issues,264.86,FRONIUS-ab8e0174-0a82-4a59-ac40--G005,Symo Advanced 24.0-3 480 (1) (0D335E),24.0,97.79,4.074583,0.738428,24.0,167.07,6.96125,1.261572
SW29-8-11-w4,2025-07-07,multiple_inverter_issues,275.11,FRONIUS-ab8e0174-0a82-4a59-ac40--G005,Symo Advanced 24.0-3 480 (1) (0D335E),24.0,69.34,2.889167,0.504089,24.0,205.77,8.57375,1.495911
SW29-8-11-w4,2025-07-08,multiple_inverter_issues,217.62,FRONIUS-ab8e0174-0a82-4a59-ac40--G005,Symo Advanced 24.0-3 480 (1) (0D335E),24.0,4.25,0.177083,0.039059,24.0,213.37,8.890417,1.960941
SW29-8-11-w4,2025-07-09,multiple_inverter_issues,366.58,FRONIUS-ab8e0174-0a82-4a59-ac40--G005,Symo Advanced 24.0-3 480 (1) (0D335E),24.0,168.02,7.000833,0.916689,24.0,198.56,8.273333,1.083311
SW29-8-11-w4,2025-07-10,multiple_inverter_issues,128.78,FRONIUS-ab8e0174-0a82-4a59-ac40--G005,Symo Advanced 24.0-3 480 (1) (0D335E),24.0,26.74,1.114167,0.415282,24.0,102.04,4.251667,1.584718
SW29-8-11-w4,2025-07-11,multiple_inverter_issues,270.21,FRONIUS-ab8e0174-0a82-4a59-ac40--G005,Symo Advanced 24.0-3 480 (1) (0D335E),24.0,58.5,2.4375,0.432997,24.0,211.71,8.82125,1.567003
SW29-8-11-w4,2025-07-12,multiple_inverter_issues,247.5,FRONIUS-ab8e0174-0a82-4a59-ac40--G005,Symo Advanced 24.0-3 480 (1) (0D335E),24.0,48.55,2.022917,0.392323,24.0,198.95,8.289583,1.607677
SW29-8-11-w4,2025-07-13,multiple_inverter_issues,354.0,FRONIUS-ab8e0174-0a82-4a59-ac40--G005,Symo Advanced 24.0-3 480 (1) (0D335E),24.0,157.84,6.576667,0.891751,24.0,196.16,8.173333,1.108249
SW29-8-11-w4,2025-07-14,multiple_inverter_issues,31.03,FRONIUS-ab8e0174-0a82-4a59-ac40--G005,Symo Advanced 24.0-3 480 (1) (0D335E),24.0,0.0,0.0,0.0,24.0,31.03,1.292917,2.0
SW29-8-11-w4,2025-07-15,multiple_inverter_issues,107.01,FRONIUS-ab8e0174-0a82-4a59-ac40--G005,Symo Advanced 24.0-3 480 (1) (0D335E),24.0,0.0,0.0,0.0,24.0,107.01,4.45875,2.0
SW29-8-11-w4,2025-07-16,Normal,344.31,,,24.0,155.76,6.49,0.904766,24.0,188.55,7.85625,1.095234
SW29-8-11-w4,2025-07-17,Normal,157.0,,,24.0,56.2,2.341667,0.715924,24.0,100.8,4.2,1.284076
SW29-8-11-w4,2025-07-18,Normal,347.25,,,24.0,156.19,6.507917,0.899582,24.0,191.06,7.960833,1.100418
SW29-8-11-w4,2025-07-19,Normal,247.78,,,24.0,97.64,4.068333,0.788118,24.0,150.14,6.255833,1.211882
SW29-8-11-w4,2025-07-20,Normal,361.79,,,24.0,166.26,6.9275,0.919097,24.0,195.53,8.147083,1.080903
SW29-8-11-w4,,Marker - 3 additional day(s) without incident,,,,,,,,,,,
SW29-8-11-w4,2025-07-24,Normal,388.64,,,24.0,177.56,7.398333,0.913751,24.0,211.08,8.795,1.086249
SW29-8-11-w4,2025-07-25,Normal,384.37,,,24.0,174.54,7.2725,0.908187,24.0,209.83,8.742917,1.091813
SW29-8-11-w4,2025-07-26,Normal,354.61,,,24.0,159.29,6.637083,0.898395,24.0,195.32,8.138333,1.101605
SW29-8-11-w4,2025-07-27,Normal,343.32,,,24.0,155.72,6.488333,0.907142,24.0,187.6,7.816667,1.092858
SW29-8-11-w4,2025-07-28,Normal,192.39,,,24.0,57.61,2.400417,0.598888,24.0,134.78,5.615833,1.401112
SW29-8-11-w4,2025-07-29,offline_or_near_zero,203.64,FRONIUS-ab8e0174-0a82-4a59-ac40--G006,Symo Advanced 24.0-3 480 (1) (0D335E),24.0,0.0,0.0,0.0,24.0,203.64,8.485,2.0
SW29-8-11-w4,2025-07-30,Normal,322.5,,,24.0,117.0,4.875,0.725581,24.0,205.5,8.5625,1.274419
SW29-8-11-w4,,Marker - 0 additional day(s) without incident,,,,,,,,,,,
SW29-8-11-w4,2025-07-31,Normal,369.65,,,24.0,168.57,7.02375,0.912052,24.0,201.08,8.378333,1.087948
SW29-8-11-w4,2025-08-01,Normal,213.93,,,24.0,37.26,1.5525,0.348338,24.0,176.67,7.36125,1.651662
SW29-8-11-w4,2025-08-02,offline_or_near_zero,121.08,FRONIUS-ab8e0174-0a82-4a59-ac40--G007,Symo Advanced 24.0-3 480 (1) (0D335E),24.0,0.0,0.0,0.0,24.0,121.08,5.045,2.0
SW29-8-11-w4,2025-08-03,offline_or_near_zero,107.77,FRONIUS-ab8e0174-0a82-4a59-ac40--G007,Symo Advanced 24.0-3 480 (1) (0D335E),24.0,0.0,0.0,0.0,24.0,107.77,4.490417,2.0
SW29-8-11-w4,2025-08-04,offline_or_near_zero,195.41,FRONIUS-ab8e0174-0a82-4a59-ac40--G007,Symo Advanced 24.0-3 480 (1) (0D335E),24.0,75.17,3.132083,0.769357,24.0,120.24,5.01,1.230643
SW29-8-11-w4,2025-08-05,offline_or_near_zero,143.66,FRONIUS-ab8e0174-0a82-4a59-ac40--G007,Symo Advanced 24.0-3 480 (1) (0D335E),24.0,0.0,0.0,0.0,24.0,143.66,5.985833,2.0
SW29-8-11-w4,2025-08-06,offline_or_near_zero,183.37,FRONIUS-ab8e0174-0a82-4a59-ac40--G007,Symo Advanced 24.0-3 480 (1) (0D335E),24.0,0.0,0.0,0.0,24.0,183.37,7.640417,2.0
SW29-8-11-w4,2025-08-07,offline_or_near_zero,163.49,FRONIUS-ab8e0174-0a82-4a59-ac40--G007,Symo Advanced 24.0-3 480 (1) (0D335E),24.0,0.03,0.00125,0.000367,24.0,163.46,6.810833,1.999633
SW29-8-11-w4,2025-08-08,offline_or_near_zero,50.69,FRONIUS-ab8e0174-0a82-4a59-ac40--G007,Symo Advanced 24.0-3 480 (1) (0D335E),24.0,0.0,0.0,0.0,24.0,50.69,2.112083,2.0
SW29-8-11-w4,2025-08-09,offline_or_near_zero,147.7,FRONIUS-ab8e0174-0a82-4a59-ac40--G007,Symo Advanced 24.0-3 480 (1) (0D335E),24.0,0.0,0.0,0.0,24.0,147.7,6.154167,2.0
SW29-8-11-w4,2025-08-10,offline_or_near_zero,202.99,FRONIUS-ab8e0174-0a82-4a59-ac40--G007,Symo Advanced 24.0-3 480 (1) (0D335E),24.0,0.0,0.0,0.0,24.0,202.99,8.457917,2.0
SW29-8-11-w4,2025-08-11,Normal,251.56,,,24.0,111.62,4.650833,0.887422,24.0,139.94,5.830833,1.112578
SW29-8-11-w4,2025-08-12,Normal,335.83,,,24.0,150.92,6.288333,0.898788,24.0,184.91,7.704583,1.101212
SW29-8-11-w4,2025-08-13,Normal,347.2,,,24.0,157.12,6.546667,0.905069,24.0,190.08,7.92,1.094931
SW29-8-11-w4,,Marker - 0 additional day(s) without incident,,,,,,,,,,,
SW29-8-11-w4,2025-08-14,Normal,261.01,,,24.0,104.55,4.35625,0.801119,24.0,156.46,6.519167,1.198881
SW29-8-11-w4,2025-08-15,Normal,264.13,,,24.0,110.88,4.62,0.839587,24.0,153.25,6.385417,1.160413
SW29-8-11-w4,2025-08-16,Normal,213.79,,,24.0,45.44,1.893333,0.42509,24.0,168.35,7.014583,1.57491
SW29-8-11-w4,2025-08-17,offline_or_near_zero,191.32,FRONIUS-ab8e0174-0a82-4a59-ac40--G008,Symo Advanced 24.0-3 480 (1) (0D335E),24.0,0.0,0.0,0.0,24.0,191.32,7.971667,2.0
SW29-8-11-w4,2025-08-18,offline_or_near_zero,195.53,FRONIUS-ab8e0174-0a82-4a59-ac40--G008,Symo Advanced 24.0-3 480 (1) (0D335E),24.0,0.0,0.0,0.0,24.0,195.53,8.147083,2.0
SW29-8-11-w4,2025-08-19,offline_or_near_zero,197.01,FRONIUS-ab8e0174-0a82-4a59-ac40--G008,Symo Advanced 24.0-3 480 (1) (0D335E),24.0,0.0,0.0,0.0,24.0,197.01,8.20875,2.0
SW29-8-11-w4,2025-08-20,offline_or_near_zero,219.8,FRONIUS-ab8e0174-0a82-4a59-ac40--G008,Symo Advanced 24.0-3 480 (1) (0D335E),24.0,30.41,1.267083,0.276706,24.0,189.39,7.89125,1.723294
SW29-8-11-w4,2025-08-21,offline_or_near_zero,202.88,FRONIUS-ab8e0174-0a82-4a59-ac40--G008,Symo Advanced 24.0-3 480 (1) (0D335E),24.0,0.0,0.0,0.0,24.0,202.88,8.453333,2.0
SW29-8-11-w4,2025-08-22,offline_or_near_zero,362.93,FRONIUS-ab8e0174-0a82-4a59-ac40--G008,Symo Advanced 24.0-3 480 (1) (0D335E),24.0,167.49,6.97875,0.922988,24.0,195.44,8.143333,1.077012
SW29-8-11-w4,2025-08-23,offline_or_near_zero,354.61,FRONIUS-ab8e0174-0a82-4a59-ac40--G008,Symo Advanced 24.0-3 480 (1) (0D335E),24.0,155.19,6.46625,0.875271,24.0,199.42,8.309167,1.124729
SW29-8-11-w4,2025-08-24,offline_or_near_zero,198.57,FRONIUS-ab8e0174-0a82-4a59-ac40--G008,Symo Advanced 24.0-3 480 (1) (0D335E),24.0,0.0,0.0,0.0,24.0,198.57,8.27375,2.0
SW29-8-11-w4,2025-08-25,offline_or_near_zero,323.06,FRONIUS-ab8e0174-0a82-4a59-ac40--G008,Symo Advanced 24.0-3 480 (1) (0D335E),24.0,126.77,5.282083,0.784808,24.0,196.29,8.17875,1.215192
SW29-8-11-w4,2025-08-26,offline_or_near_zero,194.76,FRONIUS-ab8e0174-0a82-4a59-ac40--G008,Symo Advanced 24.0-3 480 (1) (0D335E),24.0,0.0,0.0,0.0,24.0,194.76,8.115,2.0
SW29-8-11-w4,2025-08-27,offline_or_near_zero,192.48,FRONIUS-ab8e0174-0a82-4a59-ac40--G008,Symo Advanced 24.0-3 480 (1) (0D335E),24.0,0.0,0.0,0.0,24.0,192.48,8.02,2.0
SW29-8-11-w4,2025-08-28,offline_or_near_zero,75.72,FRONIUS-ab8e0174-0a82-4a59-ac40--G008,Symo Advanced 24.0-3 480 (1) (0D335E),24.0,0.0,0.0,0.0,24.0,75.72,3.155,2.0
SW29-8-11-w4,2025-08-29,offline_or_near_zero,169.05,FRONIUS-ab8e0174-0a82-4a59-ac40--G008,Symo Advanced 24.0-3 480 (1) (0D335E),24.0,63.7,2.654167,0.753623,24.0,105.35,4.389583,1.246377
SW29-8-11-w4,2025-08-30,offline_or_near_zero,319.27,FRONIUS-ab8e0174-0a82-4a59-ac40--G008,Symo Advanced 24.0-3 480 (1) (0D335E),24.0,123.95,5.164583,0.776459,24.0,195.32,8.138333,1.223541
SW29-8-11-w4,2025-08-31,offline_or_near_zero,195.68,FRONIUS-ab8e0174-0a82-4a59-ac40--G008,Symo Advanced 24.0-3 480 (1) (0D335E),24.0,0.0,0.0,0.0,24.0,195.68,8.153333,2.0
SW29-8-11-w4,2025-09-01,offline_or_near_zero,330.98,FRONIUS-ab8e0174-0a82-4a59-ac40--G008,Symo Advanced 24.0-3 480 (1) (0D335E),24.0,142.19,5.924583,0.859206,24.0,188.79,7.86625,1.140794
SW29-8-11-w4,2025-09-02,offline_or_near_zero,169.41,FRONIUS-ab8e0174-0a82-4a59-ac40--G008,Symo Advanced 24.0-3 480 (1) (0D335E),24.0,0.0,0.0,0.0,24.0,169.41,7.05875,2.0
SW29-8-11-w4,2025-09-03,offline_or_near_zero,121.37,FRONIUS-ab8e0174-0a82-4a59-ac40--G008,Symo Advanced 24.0-3 480 (1) (0D335E),24.0,0.0,0.0,0.0,24.0,121.37,5.057083,2.0
SW29-8-11-w4,2025-09-04,offline_or_near_zero,171.5,FRONIUS-ab8e0174-0a82-4a59-ac40--G008,Symo Advanced 24.0-3 480 (1) (0D335E),24.0,0.0,0.0,0.0,24.0,171.5,7.145833,2.0
SW29-8-11-w4,2025-09-05,Normal,359.48,,,24.0,163.29,6.80375,0.908479,24.0,196.19,8.174583,1.091521
SW29-8-11-w4,,Marker - 0 additional day(s) without incident,,,,,,,,,,,
SW29-8-11-w4,2025-09-06,Normal,342.95,,,24.0,152.43,6.35125,0.888934,24.0,190.52,7.938333,1.111066
SW29-8-11-w4,2025-09-07,Normal,271.4,,,24.0,117.07,4.877917,0.862712,24.0,154.33,6.430417,1.137288
SW29-8-11-w4,2025-09-08,offline_or_near_zero,67.57,FRONIUS-ab8e0174-0a82-4a59-ac40--G009,Symo Advanced 24.0-3 480 (1) (0D335E),24.0,0.0,0.0,0.0,24.0,67.57,2.815417,2.0
SW29-8-11-w4,2025-09-09,offline_or_near_zero,180.98,FRONIUS-ab8e0174-0a82-4a59-ac40--G009,Symo Advanced 24.0-3 480 (1) (0D335E),24.0,0.0,0.0,0.0,24.0,180.98,7.540833,2.0
SW29-8-11-w4,2025-09-10,offline_or_near_zero,91.44,FRONIUS-ab8e0174-0a82-4a59-ac40--G009,Symo Advanced 24.0-3 480 (1) (0D335E),24.0,0.0,0.0,0.0,24.0,91.44,3.81,2.0
SW29-8-11-w4,2025-09-11,offline_or_near_zero,317.72,FRONIUS-ab8e0174-0a82-4a59-ac40--G009,Symo Advanced 24.0-3 480 (1) (0D335E),24.0,133.31,5.554583,0.839167,24.0,184.41,7.68375,1.160833
SW29-8-11-w4,2025-09-12,offline_or_near_zero,178.39,FRONIUS-ab8e0174-0a82-4a59-ac40--G009,Symo Advanced 24.0-3 480 (1) (0D335E),24.0,0.0,0.0,0.0,24.0,178.39,7.432917,2.0
SW29-8-11-w4,2025-09-13,offline_or_near_zero,186.64,FRONIUS-ab8e0174-0a82-4a59-ac40--G009,Symo Advanced 24.0-3 480 (1) (0D335E),24.0,0.0,0.0,0.0,24.0,186.64,7.776667,2.0
SW29-8-11-w4,2025-09-14,offline_or_near_zero,149.55,FRONIUS-ab8e0174-0a82-4a59-ac40--G009,Symo Advanced 24.0-3 480 (1) (0D335E),24.0,0.0,0.0,0.0,24.0,149.55,6.23125,2.0
SW29-8-11-w4,2025-09-15,offline_or_near_zero,146.67,FRONIUS-ab8e0174-0a82-4a59-ac40--G009,Symo Advanced 24.0-3 480 (1) (0D335E),24.0,0.0,0.0,0.0,24.0,146.67,6.11125,2.0
SW29-8-11-w4,2025-09-16,offline_or_near_zero,308.33,FRONIUS-ab8e0174-0a82-4a59-ac40--G009,Symo Advanced 24.0-3 480 (1) (0D335E),24.0,121.24,5.051667,0.78643,24.0,187.09,7.795417,1.21357
SW29-8-11-w4,2025-09-17,offline_or_near_zero,188.94,FRONIUS-ab8e0174-0a82-4a59-ac40--G009,Symo Advanced 24.0-3 480 (1) (0D335E),24.0,0.0,0.0,0.0,24.0,188.94,7.8725,2.0
SW29-8-11-w4,2025-09-18,offline_or_near_zero,186.68,FRONIUS-ab8e0174-0a82-4a59-ac40--G009,Symo Advanced 24.0-3 480 (1) (0D335E),24.0,0.0,0.0,0.0,24.0,186.68,7.778333,2.0
SW29-8-11-w4,2025-09-19,offline_or_near_zero,175.74,FRONIUS-ab8e0174-0a82-4a59-ac40--G009,Symo Advanced 24.0-3 480 (1) (0D335E),24.0,0.0,0.0,0.0,24.0,175.74,7.3225,2.0
SW29-8-11-w4,2025-09-20,offline_or_near_zero,180.03,FRONIUS-ab8e0174-0a82-4a59-ac40--G009,Symo Advanced 24.0-3 480 (1) (0D335E),24.0,0.0,0.0,0.0,24.0,180.03,7.50125,2.0
SW29-8-11-w4,2025-09-21,offline_or_near_zero,166.88,FRONIUS-ab8e0174-0a82-4a59-ac40--G009,Symo Advanced 24.0-3 480 (1) (0D335E),24.0,0.0,0.0,0.0,24.0,166.88,6.953333,2.0
SW29-8-11-w4,2025-09-22,offline_or_near_zero,182.87,FRONIUS-ab8e0174-0a82-4a59-ac40--G009,Symo Advanced 24.0-3 480 (1) (0D335E),24.0,0.0,0.0,0.0,24.0,182.87,7.619583,2.0
SW29-8-11-w4,2025-09-23,offline_or_near_zero,334.91,FRONIUS-ab8e0174-0a82-4a59-ac40--G009,Symo Advanced 24.0-3 480 (1) (0D335E),24.0,150.64,6.276667,0.899585,24.0,184.27,7.677917,1.100415
SW29-8-11-w4,2025-09-24,offline_or_near_zero,183.57,FRONIUS-ab8e0174-0a82-4a59-ac40--G009,Symo Advanced 24.0-3 480 (1) (0D335E),24.0,0.0,0.0,0.0,24.0,183.57,7.64875,2.0
SW29-8-11-w4,2025-09-25,offline_or_near_zero,330.17,FRONIUS-ab8e0174-0a82-4a59-ac40--G009,Symo Advanced 24.0-3 480 (1) (0D335E),24.0,148.75,6.197917,0.901051,24.0,181.42,7.559167,1.098949
SW29-8-11-w4,2025-09-26,offline_or_near_zero,176.06,FRONIUS-ab8e0174-0a82-4a59-ac40--G009,Symo Advanced 24.0-3 480 (1) (0D335E),24.0,0.0,0.0,0.0,24.0,176.06,7.335833,2.0
SW29-8-11-w4,2025-09-27,offline_or_near_zero,82.08,FRONIUS-ab8e0174-0a82-4a59-ac40--G009,Symo Advanced 24.0-3 480 (1) (0D335E),24.0,0.0,0.0,0.0,24.0,82.08,3.42,2.0
SW29-8-11-w4,2025-09-28,offline_or_near_zero,260.7,FRONIUS-ab8e0174-0a82-4a59-ac40--G009,Symo Advanced 24.0-3 480 (1) (0D335E),24.0,113.64,4.735,0.871807,24.0,147.06,6.1275,1.128193
SW29-8-11-w4,2025-09-29,offline_or_near_zero,270.84,FRONIUS-ab8e0174-0a82-4a59-ac40--G009,Symo Advanced 24.0-3 480 (1) (0D335E),24.0,99.6,4.15,0.73549,24.0,171.24,7.135,1.26451
SW29-8-11-w4,2025-09-30,offline_or_near_zero,109.45,FRONIUS-ab8e0174-0a82-4a59-ac40--G009,Symo Advanced 24.0-3 480 (1) (0D335E),24.0,0.0,0.0,0.0,24.0,109.45,4.560417,2.0
SW29-8-11-w4,2025-10-01,offline_or_near_zero,188.59,FRONIUS-ab8e0174-0a82-4a59-ac40--G009,Symo Advanced 24.0-3 480 (1) (0D335E),24.0,52.77,2.19875,0.559627,24.0,135.82,5.659167,1.440373
SW29-8-11-w4,2025-10-02,offline_or_near_zero,178.9,FRONIUS-ab8e0174-0a82-4a59-ac40--G009,Symo Advanced 24.0-3 480 (1) (0D335E),24.0,56.64,2.36,0.633203,24.0,122.26,5.094167,1.366797
SW29-8-11-w4,2025-10-03,offline_or_near_zero,101.48,FRONIUS-ab8e0174-0a82-4a59-ac40--G009,Symo Advanced 24.0-3 480 (1) (0D335E),24.0,0.0,0.0,0.0,24.0,101.48,4.228333,2.0
SW29-8-11-w4,2025-10-04,Normal,46.1,,,24.0,19.51,0.812917,0.846421,24.0,26.59,1.107917,1.153579
SW29-8-11-w4,2025-10-05,Normal,278.99,,,24.0,129.37,5.390417,0.927417,24.0,149.62,6.234167,1.072583
SW29-8-11-w4,2025-10-06,Normal,299.41,,,24.0,135.2,5.633333,0.903109,24.0,164.21,6.842083,1.096891
SW29-8-11-w4,2025-10-07,Normal,327.95,,,24.0,148.67,6.194583,0.906663,24.0,179.28,7.47,1.093337
SW29-8-11-w4,2025-10-08,Normal,326.2,,,24.0,148.12,6.171667,0.908155,24.0,178.08,7.42,1.091845
SW29-8-11-w4,2025-10-09,Normal,304.92,,,24.0,134.37,5.59875,0.881346,24.0,170.55,7.10625,1.118654
SW29-8-11-w4,2025-10-10,Normal,314.85,,,24.0,141.31,5.887917,0.897634,24.0,173.54,7.230833,1.102366
SW29-8-11-w4,2025-10-11,Normal,254.82,,,24.0,116.92,4.871667,0.917667,24.0,137.9,5.745833,1.082333
SW29-8-11-w4,2025-10-12,Normal,48.77,,,24.0,20.55,0.85625,0.842731,24.0,28.22,1.175833,1.157269
SW29-8-11-w4,2025-10-13,Normal,181.22,,,24.0,78.12,3.255,0.862156,24.0,103.1,4.295833,1.137844
