site_name,date,status,site_total_kwh,incident_id,focus_inverter_name,omitted_days,Symo  Advanced 24.0-3 480 (4)__rated_kw,Symo  Advanced 24.0-3 480 (4)__daily_energy_kwh,Symo  Advanced 24.0-3 480 (4)__specific_yield_kwh_per_kw,Symo  Advanced 24.0-3 480 (4)__relative_specific_yield_vs_site_avg,Symo 24.0-3 480 (1)__rated_kw,Symo 24.0-3 480 (1)__daily_energy_kwh,Symo 24.0-3 480 (1)__specific_yield_kwh_per_kw,Symo 24.0-3 480 (1)__relative_specific_yield_vs_site_avg,Symo Advanced 24.0-3 480 (2)__rated_kw,Symo Advanced 24.0-3 480 (2)__daily_energy_kwh,Symo Advanced 24.0-3 480 (2)__specific_yield_kwh_per_kw,Symo Advanced 24.0-3 480 (2)__relative_specific_yield_vs_site_avg,Symo Advanced 24.0-3 480 (3)__rated_kw,Symo Advanced 24.0-3 480 (3)__daily_energy_kwh,Symo Advanced 24.0-3 480 (3)__specific_yield_kwh_per_kw,Symo Advanced 24.0-3 480 (3)__relative_specific_yield_vs_site_avg,Symo Advanced 24.0-3 480 (5)__rated_kw,Symo Advanced 24.0-3 480 (5)__daily_energy_kwh,Symo Advanced 24.0-3 480 (5)__specific_yield_kwh_per_kw,Symo Advanced 24.0-3 480 (5)__relative_specific_yield_vs_site_avg,Symo Advanced 24.0-3 480 (6)__rated_kw,Symo Advanced 24.0-3 480 (6)__daily_energy_kwh,Symo Advanced 24.0-3 480 (6)__specific_yield_kwh_per_kw,Symo Advanced 24.0-3 480 (6)__relative_specific_yield_vs_site_avg,Symo Advanced 24.0-3 480 (7)__rated_kw,Symo Advanced 24.0-3 480 (7)__daily_energy_kwh,Symo Advanced 24.0-3 480 (7)__specific_yield_kwh_per_kw,Symo Advanced 24.0-3 480 (7)__relative_specific_yield_vs_site_avg
G and C farms south meter,2024-11-20,Normal,102.48,,,,24.0,13.82,0.575833,0.943989,24.0,19.55,0.814583,1.335383,24.0,11.63,0.484583,0.794399,24.0,15.31,0.637917,1.045765,24.0,16.14,0.6725,1.102459,24.0,15.87,0.66125,1.084016,24.0,10.16,0.423333,0.693989
G and C farms south meter,2024-11-21,Normal,140.86,,,,24.0,17.75,0.739583,0.882081,24.0,26.98,1.124167,1.340764,24.0,14.64,0.61,0.727531,24.0,21.66,0.9025,1.076388,24.0,21.05,0.877083,1.046074,24.0,26.6,1.108333,1.32188,24.0,12.18,0.5075,0.605282
G and C farms south meter,2024-11-22,Normal,46.24,,,,24.0,7.04,0.293333,1.065744,24.0,8.14,0.339167,1.232266,24.0,5.35,0.222917,0.809905,24.0,5.44,0.226667,0.823529,24.0,7.79,0.324583,1.179282,24.0,6.85,0.285417,1.036981,24.0,5.63,0.234583,0.852292
G and C farms south meter,2024-11-23,Normal,48.76,,,,24.0,6.47,0.269583,0.928835,24.0,6.77,0.282083,0.971903,24.0,6.23,0.259583,0.894381,24.0,7.09,0.295417,1.017842,24.0,7.27,0.302917,1.043683,24.0,7.84,0.326667,1.125513,24.0,7.09,0.295417,1.017842
G and C farms south meter,2024-11-24,Normal,101.32,,,,24.0,13.3,0.554167,0.918871,24.0,13.23,0.55125,0.914035,24.0,13.84,0.576667,0.956178,24.0,16.59,0.69125,1.146171,24.0,13.69,0.570417,0.945815,24.0,14.78,0.615833,1.021121,24.0,15.89,0.662083,1.097809
G and C farms south meter,2024-11-25,Normal,126.23,,,,24.0,16.07,0.669583,0.891151,24.0,16.56,0.69,0.918324,24.0,17.4,0.725,0.964905,24.0,21.36,0.89,1.184504,24.0,16.78,0.699167,0.930524,24.0,18.11,0.754583,1.004278,24.0,19.95,0.83125,1.106314
G and C farms south meter,2024-11-26,Normal,128.6,,,,24.0,14.8,0.616667,0.805599,24.0,18.39,0.76625,1.001011,24.0,18.52,0.771667,1.008087,24.0,25.23,1.05125,1.373328,24.0,14.9,0.620833,0.811042,24.0,17.45,0.727083,0.949844,24.0,19.31,0.804583,1.051089
G and C farms south meter,2024-11-27,Normal,89.83,,,,24.0,11.89,0.495417,0.926528,24.0,12.0,0.5,0.9351,24.0,11.91,0.49625,0.928086,24.0,14.46,0.6025,1.126795,24.0,12.05,0.502083,0.938996,24.0,13.47,0.56125,1.049649,24.0,14.05,0.585417,1.094846
G and C farms south meter,2024-11-28,Normal,142.9,,,,24.0,17.4,0.725,0.852344,24.0,21.39,0.89125,1.047796,24.0,22.67,0.944583,1.110497,24.0,24.65,1.027083,1.207488,24.0,16.91,0.704583,0.828341,24.0,17.69,0.737083,0.86655,24.0,22.19,0.924583,1.086984
G and C farms south meter,2024-11-29,Normal,111.23,,,,24.0,14.13,0.58875,0.889239,24.0,16.81,0.700417,1.057898,24.0,16.28,0.678333,1.024544,24.0,18.04,0.751667,1.135305,24.0,14.25,0.59375,0.89679,24.0,14.09,0.587083,0.886721,24.0,17.63,0.734583,1.109503
G and C farms south meter,2024-11-30,sustained_underperformance,223.05,FRONIUS-e5d4623c-5a06-4b45-b2f0--001,Symo  Advanced 24.0-3 480 (4),,24.0,22.03,0.917917,0.69137,24.0,34.44,1.435,1.080834,24.0,37.8,1.575,1.186281,24.0,49.26,2.0525,1.545931,24.0,19.8,0.825,0.621385,24.0,23.66,0.985833,0.742524,24.0,36.06,1.5025,1.131675
G and C farms south meter,2024-12-01,sustained_underperformance,238.19,FRONIUS-e5d4623c-5a06-4b45-b2f0--001,Symo  Advanced 24.0-3 480 (4),,24.0,22.48,0.936667,0.660649,24.0,36.9,1.5375,1.084428,24.0,41.81,1.742083,1.228725,24.0,52.99,2.207917,1.557286,24.0,19.02,0.7925,0.558966,24.0,26.94,1.1225,0.791721,24.0,38.05,1.585417,1.118225
G and C farms south meter,2024-12-02,sustained_underperformance,466.64,FRONIUS-e5d4623c-5a06-4b45-b2f0--001,Symo  Advanced 24.0-3 480 (4),,24.0,46.85,1.952083,0.70279,24.0,63.57,2.64875,0.953604,24.0,77.05,3.210417,1.155816,24.0,89.39,3.724583,1.340927,24.0,44.07,1.83625,0.661088,24.0,72.64,3.026667,1.089662,24.0,73.07,3.044583,1.096113
G and C farms south meter,,Omitted,,,,0,,,,,,,,,,,,,,,,,,,,,,,,,,,,
G and C farms south meter,2024-11-30,sustained_underperformance,223.05,FRONIUS-e5d4623c-5a06-4b45-b2f0--002,Symo Advanced 24.0-3 480 (5),,24.0,22.03,0.917917,0.69137,24.0,34.44,1.435,1.080834,24.0,37.8,1.575,1.186281,24.0,49.26,2.0525,1.545931,24.0,19.8,0.825,0.621385,24.0,23.66,0.985833,0.742524,24.0,36.06,1.5025,1.131675
G and C farms south meter,2024-12-01,sustained_underperformance,238.19,FRONIUS-e5d4623c-5a06-4b45-b2f0--002,Symo Advanced 24.0-3 480 (5),,24.0,22.48,0.936667,0.660649,24.0,36.9,1.5375,1.084428,24.0,41.81,1.742083,1.228725,24.0,52.99,2.207917,1.557286,24.0,19.02,0.7925,0.558966,24.0,26.94,1.1225,0.791721,24.0,38.05,1.585417,1.118225
G and C farms south meter,2024-12-02,sustained_underperformance,466.64,FRONIUS-e5d4623c-5a06-4b45-b2f0--002,Symo Advanced 24.0-3 480 (5),,24.0,46.85,1.952083,0.70279,24.0,63.57,2.64875,0.953604,24.0,77.05,3.210417,1.155816,24.0,89.39,3.724583,1.340927,24.0,44.07,1.83625,0.661088,24.0,72.64,3.026667,1.089662,24.0,73.07,3.044583,1.096113
G and C farms south meter,2024-12-03,Normal,476.28,,,,24.0,65.52,2.73,0.962963,24.0,69.94,2.914167,1.027925,24.0,71.75,2.989583,1.054527,24.0,74.93,3.122083,1.101264,24.0,61.61,2.567083,0.905497,24.0,65.67,2.73625,0.965168,24.0,66.86,2.785833,0.982657
G and C farms south meter,2024-12-04,Normal,535.19,,,,24.0,72.34,3.014167,0.946169,24.0,78.62,3.275833,1.028308,24.0,79.29,3.30375,1.037071,24.0,81.34,3.389167,1.063884,24.0,74.49,3.10375,0.97429,24.0,74.21,3.092083,0.970627,24.0,74.9,3.120833,0.979652
G and C farms south meter,2024-12-05,Normal,711.75,,,,24.0,89.32,3.721667,0.878455,24.0,120.25,5.010417,1.182648,24.0,109.98,4.5825,1.081644,24.0,120.83,5.034583,1.188353,24.0,87.78,3.6575,0.863309,24.0,92.15,3.839583,0.906287,24.0,91.44,3.81,0.899305
G and C farms south meter,2024-12-06,Normal,509.16,,,,24.0,68.49,2.85375,0.94161,24.0,80.12,3.338333,1.101501,24.0,74.74,3.114167,1.027536,24.0,79.73,3.322083,1.096139,24.0,67.34,2.805833,0.925799,24.0,69.08,2.878333,0.949721,24.0,69.66,2.9025,0.957695
G and C farms south meter,2024-12-07,Normal,321.23,,,,24.0,44.03,1.834583,0.959468,24.0,49.11,2.04625,1.070168,24.0,46.56,1.94,1.0146,24.0,49.03,2.042917,1.068424,24.0,43.55,1.814583,0.949008,24.0,44.63,1.859583,0.972543,24.0,44.32,1.846667,0.965788
G and C farms south meter,2024-12-08,Normal,101.01,,,,24.0,14.98,0.624167,1.038115,24.0,15.61,0.650417,1.081774,24.0,13.83,0.57625,0.95842,24.0,13.36,0.556667,0.925849,24.0,14.85,0.61875,1.029106,24.0,14.86,0.619167,1.029799,24.0,13.52,0.563333,0.936937
G and C farms south meter,2024-12-09,Normal,313.7,,,,24.0,42.57,1.77375,0.94992,24.0,59.1,2.4625,1.318776,24.0,44.96,1.873333,1.003252,24.0,47.07,1.96125,1.050335,24.0,42.45,1.76875,0.947243,24.0,42.12,1.755,0.939879,24.0,35.43,1.47625,0.790596
G and C farms south meter,2024-12-10,Normal,105.25,,,,24.0,14.74,0.614167,0.980333,24.0,15.97,0.665417,1.062138,24.0,14.86,0.619167,0.988314,24.0,14.61,0.60875,0.971686,24.0,14.9,0.620833,0.990974,24.0,15.37,0.640417,1.022233,24.0,14.8,0.616667,0.984323
G and C farms south meter,2024-12-11,Normal,209.31,,,,24.0,30.06,1.2525,1.005303,24.0,31.64,1.318333,1.058143,24.0,28.96,1.206667,0.968516,24.0,29.41,1.225417,0.983565,24.0,29.44,1.226667,0.984568,24.0,31.12,1.296667,1.040753,24.0,28.68,1.195,0.959151
G and C farms south meter,2024-12-12,Normal,670.0,,,,24.0,86.64,3.61,0.905194,24.0,110.69,4.612083,1.156463,24.0,98.18,4.090833,1.025761,24.0,102.49,4.270417,1.070791,24.0,88.68,3.695,0.926507,24.0,95.14,3.964167,0.994,24.0,88.18,3.674167,0.921284
G and C farms south meter,,Omitted,,,,25,,,,,,,,,,,,,,,,,,,,,,,,,,,,
G and C farms south meter,2025-01-07,Normal,777.33,,,,24.0,102.04,4.251667,0.918889,24.0,123.26,5.135833,1.109979,24.0,115.43,4.809583,1.039468,24.0,123.76,5.156667,1.114482,24.0,96.42,4.0175,0.86828,24.0,110.75,4.614583,0.997324,24.0,105.67,4.402917,0.951578
G and C farms south meter,2025-01-08,Normal,454.34,,,,24.0,63.32,2.638333,0.975569,24.0,66.91,2.787917,1.03088,24.0,65.97,2.74875,1.016397,24.0,66.94,2.789167,1.031342,24.0,62.93,2.622083,0.96956,24.0,64.34,2.680833,0.991284,24.0,63.93,2.66375,0.984967
G and C farms south meter,2025-01-09,Normal,877.87,,,,24.0,111.3,4.6375,0.887489,24.0,146.33,6.097083,1.166813,24.0,134.4,5.6,1.071685,24.0,145.72,6.071667,1.161949,24.0,109.32,4.555,0.871701,24.0,115.66,4.819167,0.922255,24.0,115.14,4.7975,0.918109
G and C farms south meter,2025-01-10,Normal,347.83,,,,24.0,48.8,2.033333,0.982089,24.0,50.84,2.118333,1.023143,24.0,49.95,2.08125,1.005232,24.0,50.66,2.110833,1.019521,24.0,49.22,2.050833,0.990541,24.0,49.07,2.044583,0.987523,24.0,49.29,2.05375,0.99195
G and C farms south meter,2025-01-11,Normal,203.59,,,,24.0,28.68,1.195,0.9861,24.0,29.66,1.235833,1.019795,24.0,29.35,1.222917,1.009136,24.0,29.5,1.229167,1.014293,24.0,28.87,1.202917,0.992632,24.0,28.56,1.19,0.981974,24.0,28.97,1.207083,0.996071
G and C farms south meter,2025-01-12,Normal,58.7,,,,24.0,8.43,0.35125,1.005281,24.0,7.97,0.332083,0.950426,24.0,7.4,0.308333,0.882453,24.0,7.24,0.301667,0.863373,24.0,8.98,0.374167,1.070869,24.0,9.2,0.383333,1.097104,24.0,9.48,0.395,1.130494
G and C farms south meter,2025-01-13,Normal,281.86,,,,24.0,48.59,2.024583,1.206734,24.0,32.96,1.373333,0.818562,24.0,32.68,1.361667,0.811609,24.0,21.9,0.9125,0.543887,24.0,43.34,1.805833,1.07635,24.0,48.91,2.037917,1.214681,24.0,53.48,2.228333,1.328177
G and C farms south meter,2025-01-14,Normal,455.73,,,,24.0,66.38,2.765833,1.019595,24.0,65.8,2.741667,1.010686,24.0,61.01,2.542083,0.937112,24.0,60.11,2.504583,0.923288,24.0,62.5,2.604167,0.959998,24.0,71.75,2.989583,1.102078,24.0,68.18,2.840833,1.047243
G and C farms south meter,2025-01-15,Normal,896.45,,,,24.0,117.45,4.89375,0.917118,24.0,144.24,6.01,1.126309,24.0,134.1,5.5875,1.04713,24.0,143.8,5.991667,1.122874,24.0,115.85,4.827083,0.904624,24.0,121.26,5.0525,0.946868,24.0,119.75,4.989583,0.935077
G and C farms south meter,2025-01-16,Normal,676.95,,,,24.0,93.86,3.910833,0.970559,24.0,100.01,4.167083,1.034153,24.0,98.98,4.124167,1.023502,24.0,99.95,4.164583,1.033533,24.0,93.37,3.890417,0.965492,24.0,95.0,3.958333,0.982347,24.0,95.78,3.990833,0.990413
G and C farms south meter,2025-01-17,sustained_underperformance,234.4,FRONIUS-e5d4623c-5a06-4b45-b2f0--003,Symo Advanced 24.0-3 480 (6),,24.0,27.95,1.164583,0.834684,24.0,35.8,1.491667,1.069113,24.0,50.12,2.088333,1.496758,24.0,39.8,1.658333,1.188567,24.0,29.94,1.2475,0.894113,24.0,19.64,0.818333,0.586519,24.0,31.15,1.297917,0.930247
G and C farms south meter,2025-01-18,sustained_underperformance,361.85,FRONIUS-e5d4623c-5a06-4b45-b2f0--003,Symo Advanced 24.0-3 480 (6),,24.0,41.3,1.720833,0.79895,24.0,56.59,2.357917,1.094735,24.0,68.65,2.860417,1.328036,24.0,62.71,2.612917,1.213127,24.0,40.24,1.676667,0.778444,24.0,33.12,1.38,0.640707,24.0,59.24,2.468333,1.146
G and C farms south meter,2025-01-19,sustained_underperformance,424.84,FRONIUS-e5d4623c-5a06-4b45-b2f0--003,Symo Advanced 24.0-3 480 (6),,24.0,45.49,1.895417,0.749529,24.0,59.77,2.490417,0.984818,24.0,87.24,3.635,1.437435,24.0,75.98,3.165833,1.251907,24.0,44.77,1.865417,0.737666,24.0,35.1,1.4625,0.578335,24.0,76.49,3.187083,1.26031
G and C farms south meter,,Omitted,,,,0,,,,,,,,,,,,,,,,,,,,,,,,,,,,
G and C farms south meter,2025-01-18,sustained_underperformance,361.85,FRONIUS-e5d4623c-5a06-4b45-b2f0--004,Symo Advanced 24.0-3 480 (5),,24.0,41.3,1.720833,0.79895,24.0,56.59,2.357917,1.094735,24.0,68.65,2.860417,1.328036,24.0,62.71,2.612917,1.213127,24.0,40.24,1.676667,0.778444,24.0,33.12,1.38,0.640707,24.0,59.24,2.468333,1.146
G and C farms south meter,2025-01-19,sustained_underperformance,424.84,FRONIUS-e5d4623c-5a06-4b45-b2f0--004,Symo Advanced 24.0-3 480 (5),,24.0,45.49,1.895417,0.749529,24.0,59.77,2.490417,0.984818,24.0,87.24,3.635,1.437435,24.0,75.98,3.165833,1.251907,24.0,44.77,1.865417,0.737666,24.0,35.1,1.4625,0.578335,24.0,76.49,3.187083,1.26031
G and C farms south meter,2025-01-20,sustained_underperformance,587.05,FRONIUS-e5d4623c-5a06-4b45-b2f0--004,Symo Advanced 24.0-3 480 (5),,24.0,53.21,2.217083,0.634477,24.0,80.31,3.34625,0.957619,24.0,102.65,4.277083,1.224001,24.0,105.64,4.401667,1.259654,24.0,56.26,2.344167,0.670846,24.0,92.63,3.859583,1.104523,24.0,96.35,4.014583,1.14888
G and C farms south meter,2025-01-21,Normal,462.91,,,,24.0,64.65,2.69375,0.97762,24.0,69.02,2.875833,1.043702,24.0,65.75,2.739583,0.994254,24.0,68.07,2.83625,1.029336,24.0,64.99,2.707917,0.982761,24.0,65.23,2.717917,0.98639,24.0,65.2,2.716667,0.985937
G and C farms south meter,2025-01-22,Normal,291.4,,,,24.0,44.11,1.837917,1.059609,24.0,43.75,1.822917,1.050961,24.0,45.3,1.8875,1.088195,24.0,43.26,1.8025,1.03919,24.0,41.69,1.737083,1.001476,24.0,35.33,1.472083,0.848696,24.0,37.96,1.581667,0.911874
G and C farms south meter,2025-01-23,Normal,296.73,,,,24.0,42.45,1.76875,1.001415,24.0,45.13,1.880417,1.064638,24.0,43.9,1.829167,1.035622,24.0,43.46,1.810833,1.025242,24.0,41.78,1.740833,0.98561,24.0,39.42,1.6425,0.929936,24.0,40.59,1.69125,0.957537
G and C farms south meter,2025-01-24,Normal,428.41,,,,24.0,62.83,2.617917,1.02661,24.0,66.12,2.755,1.080367,24.0,59.1,2.4625,0.965664,24.0,56.19,2.34125,0.918116,24.0,63.29,2.637083,1.034126,24.0,63.46,2.644167,1.036904,24.0,57.42,2.3925,0.938213
G and C farms south meter,2025-01-25,Normal,644.82,,,,24.0,89.8,3.741667,0.974846,24.0,98.91,4.12125,1.073742,24.0,93.91,3.912917,1.019463,24.0,95.5,3.979167,1.036723,24.0,89.51,3.729583,0.971698,24.0,90.69,3.77875,0.984507,24.0,86.5,3.604167,0.939022
G and C farms south meter,2025-01-26,Normal,1033.86,,,,24.0,138.57,5.77375,0.938222,24.0,160.42,6.684167,1.086163,24.0,152.78,6.365833,1.034434,24.0,159.56,6.648333,1.08034,24.0,137.39,5.724583,0.930232,24.0,141.79,5.907917,0.960024,24.0,143.35,5.972917,0.970586
G and C farms south meter,2025-01-27,Normal,1000.42,,,,24.0,134.92,5.621667,0.944044,24.0,154.16,6.423333,1.078667,24.0,146.8,6.116667,1.027169,24.0,153.25,6.385417,1.0723,24.0,134.07,5.58625,0.938096,24.0,137.9,5.745833,0.964895,24.0,139.32,5.805,0.974831
G and C farms south meter,2025-01-28,Normal,967.6,,,,24.0,133.09,5.545417,0.962826,24.0,145.32,6.055,1.051302,24.0,140.27,5.844583,1.014768,24.0,144.62,6.025833,1.046238,24.0,132.75,5.53125,0.960366,24.0,134.96,5.623333,0.976354,24.0,136.59,5.69125,0.988146
G and C farms south meter,2025-01-29,Normal,718.51,,,,24.0,98.29,4.095417,0.957579,24.0,109.47,4.56125,1.066499,24.0,104.24,4.343333,1.015546,24.0,108.58,4.524167,1.057828,24.0,98.8,4.116667,0.962547,24.0,99.49,4.145417,0.96927,24.0,99.64,4.151667,0.970731
G and C farms south meter,2025-01-30,Normal,648.58,,,,24.0,86.94,3.6225,0.938327,24.0,101.34,4.2225,1.093743,24.0,94.93,3.955417,1.024561,24.0,100.3,4.179167,1.082519,24.0,86.8,3.616667,0.936816,24.0,88.84,3.701667,0.958833,24.0,89.43,3.72625,0.965201
G and C farms south meter,,Omitted,,,,11,,,,,,,,,,,,,,,,,,,,,,,,,,,,
G and C farms south meter,2025-02-11,Normal,882.61,,,,24.0,121.84,5.076667,0.966316,24.0,129.95,5.414583,1.030636,24.0,131.6,5.483333,1.043723,24.0,124.59,5.19125,0.988126,24.0,125.81,5.242083,0.997802,24.0,123.89,5.162083,0.982574,24.0,124.93,5.205417,0.990823
G and C farms south meter,2025-02-12,Normal,944.09,,,,24.0,131.34,5.4725,0.973827,24.0,143.59,5.982917,1.064655,24.0,138.7,5.779167,1.028398,24.0,133.42,5.559167,0.989249,24.0,132.62,5.525833,0.983317,24.0,135.56,5.648333,1.005116,24.0,128.86,5.369167,0.955439
G and C farms south meter,2025-02-13,Normal,1121.48,,,,24.0,159.19,6.632917,0.993624,24.0,170.29,7.095417,1.062908,24.0,164.27,6.844583,1.025333,24.0,159.03,6.62625,0.992626,24.0,158.03,6.584583,0.986384,24.0,158.15,6.589583,0.987133,24.0,152.52,6.355,0.951992
G and C farms south meter,2025-02-14,Normal,286.38,,,,24.0,42.12,1.755,1.029541,24.0,41.48,1.728333,1.013898,24.0,40.14,1.6725,0.981144,24.0,39.09,1.62875,0.955479,24.0,39.1,1.629167,0.955723,24.0,41.96,1.748333,1.02563,24.0,42.49,1.770417,1.038585
G and C farms south meter,2025-02-15,Normal,349.83,,,,24.0,46.46,1.935833,0.929652,24.0,52.97,2.207083,1.059915,24.0,55.19,2.299583,1.104336,24.0,50.2,2.091667,1.004488,24.0,42.32,1.763333,0.846811,24.0,51.49,2.145417,1.0303,24.0,51.2,2.133333,1.024498
G and C farms south meter,2025-02-16,Normal,302.06,,,,24.0,39.94,1.664167,0.925578,24.0,46.23,1.92625,1.071343,24.0,47.68,1.986667,1.104946,24.0,44.01,1.83375,1.019897,24.0,35.19,1.46625,0.8155,24.0,45.66,1.9025,1.058134,24.0,43.35,1.80625,1.004602
G and C farms south meter,2025-02-17,Normal,533.63,,,,24.0,70.1,2.920833,0.919551,24.0,76.92,3.205,1.009014,24.0,76.08,3.17,0.997995,24.0,69.1,2.879167,0.906433,24.0,51.31,2.137917,0.673069,24.0,106.57,4.440417,1.397954,24.0,83.55,3.48125,1.095984
G and C farms south meter,2025-02-18,Normal,608.19,,,,24.0,75.12,3.13,0.864598,24.0,79.47,3.31125,0.914665,24.0,82.61,3.442083,0.950805,24.0,81.75,3.40625,0.940907,24.0,52.5,2.1875,0.604252,24.0,128.77,5.365417,1.482086,24.0,107.97,4.49875,1.242687
G and C farms south meter,2025-02-19,Normal,929.04,,,,24.0,130.82,5.450833,0.985684,24.0,111.87,4.66125,0.842902,24.0,137.77,5.740417,1.03805,24.0,136.9,5.704167,1.031495,24.0,139.07,5.794583,1.047845,24.0,138.27,5.76125,1.041817,24.0,134.34,5.5975,1.012206
G and C farms south meter,2025-02-20,Normal,714.38,,,,24.0,127.18,5.299167,1.2462,24.0,118.57,4.940417,1.161833,24.0,94.71,3.94625,0.928035,24.0,103.62,4.3175,1.015342,24.0,100.74,4.1975,0.987122,24.0,89.26,3.719167,0.874633,24.0,80.3,3.345833,0.786836
G and C farms south meter,2025-02-21,sustained_underperformance,766.89,FRONIUS-e5d4623c-5a06-4b45-b2f0--005,Symo Advanced 24.0-3 480 (5),,24.0,128.27,5.344583,1.17082,24.0,131.94,5.4975,1.204319,24.0,103.51,4.312917,0.944816,24.0,129.31,5.387917,1.180313,24.0,38.36,1.598333,0.350141,24.0,127.64,5.318333,1.165069,24.0,107.86,4.494167,0.984522
G and C farms south meter,2025-02-22,sustained_underperformance,984.62,FRONIUS-e5d4623c-5a06-4b45-b2f0--005,Symo Advanced 24.0-3 480 (5),,24.0,156.93,6.53875,1.115669,24.0,160.67,6.694583,1.142258,24.0,129.56,5.398333,0.921086,24.0,158.98,6.624167,1.130243,24.0,86.83,3.617917,0.617304,24.0,156.82,6.534167,1.114887,24.0,134.83,5.617917,0.958553
G and C farms south meter,2025-02-23,sustained_underperformance,890.66,FRONIUS-e5d4623c-5a06-4b45-b2f0--005,Symo Advanced 24.0-3 480 (5),,24.0,137.98,5.749167,1.084432,24.0,140.92,5.871667,1.107538,24.0,121.66,5.069167,0.956167,24.0,139.34,5.805833,1.09512,24.0,96.71,4.029583,0.760077,24.0,137.62,5.734167,1.081602,24.0,116.43,4.85125,0.915063
G and C farms south meter,,Omitted,,,,0,,,,,,,,,,,,,,,,,,,,,,,,,,,,
G and C farms south meter,2025-02-24,site_missing_data,766.89,FRONIUS-e5d4623c-5a06-4b45-b2f0--006,ALL_INVERTERS,,24.0,0.0,0.0,,24.0,0.0,0.0,,24.0,0.0,0.0,,24.0,0.0,0.0,,24.0,0.0,0.0,,24.0,0.0,0.0,,24.0,0.0,0.0,
G and C farms south meter,2025-02-25,site_missing_data,828.775,FRONIUS-e5d4623c-5a06-4b45-b2f0--006,ALL_INVERTERS,,24.0,0.0,0.0,,24.0,0.0,0.0,,24.0,0.0,0.0,,24.0,0.0,0.0,,24.0,0.0,0.0,,24.0,0.0,0.0,,24.0,0.0,0.0,
G and C farms south meter,2025-02-26,site_missing_data,890.66,FRONIUS-e5d4623c-5a06-4b45-b2f0--006,ALL_INVERTERS,,24.0,0.0,0.0,,24.0,0.0,0.0,,24.0,0.0,0.0,,24.0,0.0,0.0,,24.0,0.0,0.0,,24.0,0.0,0.0,,24.0,0.0,0.0,
G and C farms south meter,2025-02-27,site_missing_data,828.775,FRONIUS-e5d4623c-5a06-4b45-b2f0--006,ALL_INVERTERS,,24.0,0.0,0.0,,24.0,0.0,0.0,,24.0,0.0,0.0,,24.0,0.0,0.0,,24.0,0.0,0.0,,24.0,0.0,0.0,,24.0,0.0,0.0,
G and C farms south meter,2025-02-28,site_missing_data,890.66,FRONIUS-e5d4623c-5a06-4b45-b2f0--006,ALL_INVERTERS,,24.0,0.0,0.0,,24.0,0.0,0.0,,24.0,0.0,0.0,,24.0,0.0,0.0,,24.0,0.0,0.0,,24.0,0.0,0.0,,24.0,0.0,0.0,
G and C farms south meter,2025-03-01,site_missing_data,890.66,FRONIUS-e5d4623c-5a06-4b45-b2f0--006,ALL_INVERTERS,,24.0,0.0,0.0,,24.0,0.0,0.0,,24.0,0.0,0.0,,24.0,0.0,0.0,,24.0,0.0,0.0,,24.0,0.0,0.0,,24.0,0.0,0.0,
G and C farms south meter,2025-03-02,site_missing_data,417.21,FRONIUS-e5d4623c-5a06-4b45-b2f0--006,ALL_INVERTERS,,24.0,0.0,0.0,,24.0,0.0,0.0,,24.0,0.0,0.0,,24.0,0.0,0.0,,24.0,0.0,0.0,,24.0,0.0,0.0,,24.0,0.0,0.0,
G and C farms south meter,2025-03-03,site_missing_data,417.21,FRONIUS-e5d4623c-5a06-4b45-b2f0--006,ALL_INVERTERS,,24.0,0.0,0.0,,24.0,0.0,0.0,,24.0,0.0,0.0,,24.0,0.0,0.0,,24.0,0.0,0.0,,24.0,0.0,0.0,,24.0,0.0,0.0,
G and C farms south meter,2025-03-04,site_missing_data,651.43,FRONIUS-e5d4623c-5a06-4b45-b2f0--006,ALL_INVERTERS,,24.0,0.0,0.0,,24.0,0.0,0.0,,24.0,0.0,0.0,,24.0,0.0,0.0,,24.0,0.0,0.0,,24.0,0.0,0.0,,24.0,0.0,0.0,
G and C farms south meter,2025-03-05,site_missing_data,885.65,FRONIUS-e5d4623c-5a06-4b45-b2f0--006,ALL_INVERTERS,,24.0,0.0,0.0,,24.0,0.0,0.0,,24.0,0.0,0.0,,24.0,0.0,0.0,,24.0,0.0,0.0,,24.0,0.0,0.0,,24.0,0.0,0.0,
G and C farms south meter,2025-03-06,site_missing_data,735.035,FRONIUS-e5d4623c-5a06-4b45-b2f0--006,ALL_INVERTERS,,24.0,0.0,0.0,,24.0,0.0,0.0,,24.0,0.0,0.0,,24.0,0.0,0.0,,24.0,0.0,0.0,,24.0,0.0,0.0,,24.0,0.0,0.0,
G and C farms south meter,2025-03-07,site_missing_data,837.16,FRONIUS-e5d4623c-5a06-4b45-b2f0--006,ALL_INVERTERS,,24.0,0.0,0.0,,24.0,0.0,0.0,,24.0,0.0,0.0,,24.0,0.0,0.0,,24.0,0.0,0.0,,24.0,0.0,0.0,,24.0,0.0,0.0,
G and C farms south meter,2025-03-08,Normal,4.52,,,,24.0,0.0,0.0,0.0,24.0,0.0,0.0,0.0,24.0,0.0,0.0,0.0,24.0,0.0,0.0,0.0,24.0,0.0,0.0,0.0,24.0,4.52,0.188333,7.0,24.0,0.0,0.0,0.0
G and C farms south meter,2025-03-09,Normal,417.21,,,,24.0,63.28,2.636667,1.06172,24.0,80.67,3.36125,1.353491,24.0,57.54,2.3975,0.965413,24.0,64.82,2.700833,1.087558,24.0,33.41,1.392083,0.560557,24.0,73.41,3.05875,1.231682,24.0,44.08,1.836667,0.73958
G and C farms south meter,,Omitted,,,,2,,,,,,,,,,,,,,,,,,,,,,,,,,,,
G and C farms south meter,2025-03-12,sustained_underperformance,1010.62,FRONIUS-e5d4623c-5a06-4b45-b2f0--007,Symo Advanced 24.0-3 480 (5),,24.0,155.79,6.49125,1.07907,24.0,158.24,6.593333,1.09604,24.0,139.18,5.799167,0.964022,24.0,157.83,6.57625,1.0932,24.0,108.72,4.53,0.753043,24.0,156.09,6.50375,1.081148,24.0,134.77,5.615417,0.933476
G and C farms south meter,2025-03-13,sustained_underperformance,584.42,FRONIUS-e5d4623c-5a06-4b45-b2f0--007,Symo Advanced 24.0-3 480 (5),,24.0,94.44,3.935,1.131173,24.0,97.29,4.05375,1.165309,24.0,75.75,3.15625,0.90731,24.0,96.68,4.028333,1.158003,24.0,54.34,2.264167,0.650868,24.0,94.58,3.940833,1.13285,24.0,71.34,2.9725,0.854488
G and C farms south meter,2025-03-14,sustained_underperformance,837.16,FRONIUS-e5d4623c-5a06-4b45-b2f0--007,Symo Advanced 24.0-3 480 (5),,24.0,133.23,5.55125,1.114016,24.0,139.6,5.816667,1.16728,24.0,110.84,4.618333,0.9268,24.0,135.58,5.649167,1.133666,24.0,79.76,3.323333,0.666921,24.0,133.27,5.552917,1.114351,24.0,104.88,4.37,0.876965
G and C farms south meter,2025-03-15,sustained_underperformance,563.22,FRONIUS-e5d4623c-5a06-4b45-b2f0--007,Symo Advanced 24.0-3 480 (5),,24.0,91.6,3.816667,1.138454,24.0,93.51,3.89625,1.162192,24.0,75.96,3.165,0.944072,24.0,91.92,3.83,1.142431,24.0,51.27,2.13625,0.637211,24.0,89.9,3.745833,1.117325,24.0,69.06,2.8775,0.858315
G and C farms south meter,2025-03-16,sustained_underperformance,454.62,FRONIUS-e5d4623c-5a06-4b45-b2f0--007,Symo Advanced 24.0-3 480 (5),,24.0,76.88,3.203333,1.183758,24.0,85.53,3.56375,1.316946,24.0,59.96,2.498333,0.923233,24.0,68.84,2.868333,1.059962,24.0,29.76,1.24,0.458229,24.0,78.19,3.257917,1.203929,24.0,55.46,2.310833,0.853944
G and C farms south meter,2025-03-17,sustained_underperformance,1004.74,FRONIUS-e5d4623c-5a06-4b45-b2f0--007,Symo Advanced 24.0-3 480 (5),,24.0,152.22,6.3425,1.060513,24.0,156.56,6.523333,1.09075,24.0,142.02,5.9175,0.98945,24.0,152.43,6.35125,1.061976,24.0,110.31,4.59625,0.768527,24.0,154.28,6.428333,1.074865,24.0,136.92,5.705,0.953918
G and C farms south meter,2025-03-18,sustained_underperformance,408.95,FRONIUS-e5d4623c-5a06-4b45-b2f0--007,Symo Advanced 24.0-3 480 (5),,24.0,67.89,2.82875,1.162074,24.0,70.29,2.92875,1.203154,24.0,51.06,2.1275,0.873994,24.0,69.47,2.894583,1.189118,24.0,33.11,1.379583,0.566744,24.0,68.27,2.844583,1.168578,24.0,48.86,2.035833,0.836337
G and C farms south meter,2025-03-19,Normal,1300.04,,,,24.0,194.74,8.114167,1.048568,24.0,197.21,8.217083,1.061867,24.0,182.72,7.613333,0.983847,24.0,197.02,8.209167,1.060844,24.0,153.49,6.395417,0.826459,24.0,195.03,8.12625,1.050129,24.0,179.83,7.492917,0.968286
G and C farms south meter,,Omitted,,,,2,,,,,,,,,,,,,,,,,,,,,,,,,,,,
G and C farms south meter,2025-03-22,sustained_underperformance,986.0,FRONIUS-e5d4623c-5a06-4b45-b2f0--008,Symo Advanced 24.0-3 480 (5),,24.0,150.33,6.26375,1.067252,24.0,153.14,6.380833,1.087201,24.0,136.85,5.702083,0.971552,24.0,152.33,6.347083,1.08145,24.0,110.16,4.59,0.782069,24.0,150.19,6.257917,1.066258,24.0,133.0,5.541667,0.944219
G and C farms south meter,2025-03-23,sustained_underperformance,1067.34,FRONIUS-e5d4623c-5a06-4b45-b2f0--008,Symo Advanced 24.0-3 480 (5),,24.0,165.37,6.890417,1.084556,24.0,167.72,6.988333,1.099968,24.0,147.65,6.152083,0.968342,24.0,167.53,6.980417,1.098722,24.0,111.39,4.64125,0.730536,24.0,165.61,6.900417,1.08613,24.0,142.07,5.919583,0.931746
G and C farms south meter,2025-03-24,sustained_underperformance,864.63,FRONIUS-e5d4623c-5a06-4b45-b2f0--008,Symo Advanced 24.0-3 480 (5),,24.0,133.81,5.575417,1.083319,24.0,137.84,5.743333,1.115946,24.0,114.41,4.767083,0.926257,24.0,137.69,5.737083,1.114731,24.0,96.74,4.030833,0.783202,24.0,134.28,5.595,1.087124,24.0,109.86,4.5775,0.889421
G and C farms south meter,2025-03-25,sustained_underperformance,773.45,FRONIUS-e5d4623c-5a06-4b45-b2f0--008,Symo Advanced 24.0-3 480 (5),,24.0,123.6,5.15,1.118624,24.0,128.84,5.368333,1.166048,24.0,96.68,4.028333,0.874989,24.0,128.58,5.3575,1.163695,24.0,80.64,3.36,0.729821,24.0,124.08,5.17,1.122969,24.0,91.03,3.792917,0.823854
G and C farms south meter,2025-03-26,Normal,1239.6,,,,24.0,182.07,7.58625,1.028146,24.0,184.41,7.68375,1.04136,24.0,173.88,7.245,0.981897,24.0,184.19,7.674583,1.040118,24.0,161.49,6.72875,0.911931,24.0,182.91,7.62125,1.03289,24.0,170.65,7.110417,0.963658
G and C farms south meter,2025-03-27,Normal,784.99,,,,24.0,120.98,5.040833,1.078816,24.0,123.8,5.158333,1.103963,24.0,100.87,4.202917,0.899489,24.0,123.51,5.14625,1.101377,24.0,95.76,3.99,0.853922,24.0,121.47,5.06125,1.083186,24.0,98.6,4.108333,0.879247
G and C farms south meter,2025-03-28,Normal,431.21,,,,24.0,60.42,2.5175,0.980821,24.0,71.51,2.979583,1.16085,24.0,60.43,2.517917,0.980984,24.0,72.93,3.03875,1.183901,24.0,48.33,2.01375,0.78456,24.0,67.17,2.79875,1.090397,24.0,50.42,2.100833,0.818488
G and C farms south meter,2025-03-29,Normal,422.56,,,,24.0,65.67,2.73625,1.087869,24.0,68.49,2.85375,1.134584,24.0,51.47,2.144583,0.852636,24.0,67.67,2.819583,1.121001,24.0,50.92,2.121667,0.843525,24.0,67.13,2.797083,1.112055,24.0,51.21,2.13375,0.848329
G and C farms south meter,2025-03-30,Normal,1084.6,,,,24.0,163.18,6.799167,1.053162,24.0,167.49,6.97875,1.080979,24.0,142.09,5.920417,0.917048,24.0,169.32,7.055,1.09279,24.0,137.62,5.734167,0.888198,24.0,165.56,6.898333,1.068523,24.0,139.34,5.805833,0.899299
G and C farms south meter,2025-03-31,Normal,840.33,,,,24.0,128.32,5.346667,1.068913,24.0,132.5,5.520833,1.103733,24.0,107.52,4.48,0.895648,24.0,131.51,5.479583,1.095486,24.0,104.47,4.352917,0.870241,24.0,129.09,5.37875,1.075328,24.0,106.92,4.455,0.89065
G and C farms south meter,2025-04-01,Normal,1304.97,,,,24.0,191.75,7.989583,1.028568,24.0,194.66,8.110833,1.044177,24.0,179.68,7.486667,0.963823,24.0,195.22,8.134167,1.047181,24.0,174.86,7.285833,0.937968,24.0,192.55,8.022917,1.032859,24.0,176.25,7.34375,0.945424
G and C farms south meter,2025-04-02,Normal,293.73,,,,24.0,44.14,1.839167,1.051918,24.0,47.85,1.99375,1.140333,24.0,36.66,1.5275,0.873659,24.0,46.88,1.953333,1.117216,24.0,36.7,1.529167,0.874613,24.0,44.17,1.840417,1.052633,24.0,37.33,1.555417,0.889627
G and C farms south meter,2025-04-03,Normal,1282.44,,,,24.0,187.37,7.807083,1.02273,24.0,189.44,7.893333,1.034029,24.0,177.08,7.378333,0.966564,24.0,188.84,7.868333,1.030754,24.0,174.15,7.25625,0.950571,24.0,187.82,7.825833,1.025186,24.0,177.74,7.405833,0.970166
G and C farms south meter,2025-04-04,Normal,1414.32,,,,24.0,206.37,8.59875,1.021403,24.0,207.77,8.657083,1.028332,24.0,196.1,8.170833,0.970572,24.0,207.85,8.660417,1.028728,24.0,192.87,8.03625,0.954586,24.0,206.5,8.604167,1.022046,24.0,196.86,8.2025,0.974334
G and C farms south meter,,Omitted,,,,139,,,,,,,,,,,,,,,,,,,,,,,,,,,,
G and C farms south meter,2025-08-22,Normal,1433.52,,,,24.0,203.55,8.48125,0.993952,24.0,205.73,8.572083,1.004597,24.0,206.59,8.607917,1.008797,24.0,205.65,8.56875,1.004206,24.0,202.66,8.444167,0.989606,24.0,204.31,8.512917,0.997663,24.0,205.03,8.542917,1.001179
G and C farms south meter,2025-08-23,Normal,1465.59,,,,24.0,208.47,8.68625,0.995701,24.0,210.14,8.755833,1.003678,24.0,211.31,8.804583,1.009266,24.0,209.55,8.73125,1.00086,24.0,207.33,8.63875,0.990256,24.0,208.84,8.701667,0.997469,24.0,209.95,8.747917,1.00277
G and C farms south meter,2025-08-24,Normal,1463.91,,,,24.0,208.21,8.675417,0.995601,24.0,209.84,8.743333,1.003395,24.0,211.12,8.796667,1.009516,24.0,209.33,8.722083,1.000956,24.0,207.11,8.629583,0.990341,24.0,208.47,8.68625,0.996844,24.0,209.83,8.742917,1.003347
G and C farms south meter,2025-08-25,Normal,1452.14,,,,24.0,206.48,8.603333,0.995331,24.0,208.27,8.677917,1.00396,24.0,209.36,8.723333,1.009214,24.0,207.76,8.656667,1.001501,24.0,205.47,8.56125,0.990462,24.0,206.8,8.616667,0.996874,24.0,208.0,8.666667,1.002658
G and C farms south meter,2025-08-26,Normal,1446.35,,,,24.0,205.57,8.565417,0.994911,24.0,207.51,8.64625,1.0043,24.0,208.62,8.6925,1.009673,24.0,207.08,8.628333,1.002219,24.0,204.55,8.522917,0.989975,24.0,205.93,8.580417,0.996654,24.0,207.09,8.62875,1.002268
G and C farms south meter,2025-08-27,Normal,1344.46,,,,24.0,190.78,7.949167,0.993306,24.0,194.16,8.09,1.010904,24.0,193.73,8.072083,1.008665,24.0,193.02,8.0425,1.004969,24.0,190.13,7.922083,0.989922,24.0,191.08,7.961667,0.994868,24.0,191.56,7.981667,0.997367
G and C farms south meter,2025-08-28,Normal,709.32,,,,24.0,101.03,4.209583,0.997025,24.0,104.35,4.347917,1.029789,24.0,100.94,4.205833,0.996137,24.0,103.46,4.310833,1.021006,24.0,98.9,4.120833,0.976005,24.0,101.65,4.235417,1.003144,24.0,98.99,4.124583,0.976893
G and C farms south meter,2025-08-29,Normal,1099.2,,,,24.0,156.07,6.502917,0.993896,24.0,158.55,6.60625,1.009689,24.0,158.28,6.595,1.007969,24.0,157.57,6.565417,1.003448,24.0,155.43,6.47625,0.98982,24.0,156.41,6.517083,0.996061,24.0,156.89,6.537083,0.999118
G and C farms south meter,2025-08-30,Normal,1425.75,,,,24.0,202.55,8.439583,0.994459,24.0,204.33,8.51375,1.003198,24.0,205.68,8.57,1.009826,24.0,204.12,8.505,1.002167,24.0,201.74,8.405833,0.990482,24.0,202.95,8.45625,0.996423,24.0,204.38,8.515833,1.003444
G and C farms south meter,2025-08-31,Normal,1431.95,,,,24.0,203.5,8.479167,0.994797,24.0,205.36,8.556667,1.00389,24.0,206.45,8.602083,1.009218,24.0,204.85,8.535417,1.001397,24.0,202.81,8.450417,0.991424,24.0,203.89,8.495417,0.996704,24.0,205.09,8.545417,1.00257
G and C farms south meter,2025-09-01,site_missing_data,1425.75,FRONIUS-e5d4623c-5a06-4b45-b2f0--009,ALL_INVERTERS,,24.0,0.0,0.0,,24.0,0.0,0.0,,24.0,0.0,0.0,,24.0,0.0,0.0,,24.0,0.0,0.0,,24.0,0.0,0.0,,24.0,0.0,0.0,
G and C farms south meter,2025-09-02,site_missing_data,1385.105,FRONIUS-e5d4623c-5a06-4b45-b2f0--009,ALL_INVERTERS,,24.0,0.0,0.0,,24.0,0.0,0.0,,24.0,0.0,0.0,,24.0,0.0,0.0,,24.0,0.0,0.0,,24.0,0.0,0.0,,24.0,0.0,0.0,
G and C farms south meter,2025-09-03,site_missing_data,1344.46,FRONIUS-e5d4623c-5a06-4b45-b2f0--009,ALL_INVERTERS,,24.0,0.0,0.0,,24.0,0.0,0.0,,24.0,0.0,0.0,,24.0,0.0,0.0,,24.0,0.0,0.0,,24.0,0.0,0.0,,24.0,0.0,0.0,
G and C farms south meter,2025-09-04,site_missing_data,1262.475,FRONIUS-e5d4623c-5a06-4b45-b2f0--009,ALL_INVERTERS,,24.0,0.0,0.0,,24.0,0.0,0.0,,24.0,0.0,0.0,,24.0,0.0,0.0,,24.0,0.0,0.0,,24.0,0.0,0.0,,24.0,0.0,0.0,
G and C farms south meter,2025-09-05,site_missing_data,1425.75,FRONIUS-e5d4623c-5a06-4b45-b2f0--009,ALL_INVERTERS,,24.0,0.0,0.0,,24.0,0.0,0.0,,24.0,0.0,0.0,,24.0,0.0,0.0,,24.0,0.0,0.0,,24.0,0.0,0.0,,24.0,0.0,0.0,
G and C farms south meter,2025-09-06,site_missing_data,1428.85,FRONIUS-e5d4623c-5a06-4b45-b2f0--009,ALL_INVERTERS,,24.0,0.0,0.0,,24.0,0.0,0.0,,24.0,0.0,0.0,,24.0,0.0,0.0,,24.0,0.0,0.0,,24.0,0.0,0.0,,24.0,0.0,0.0,
G and C farms south meter,2025-09-07,site_missing_data,1431.95,FRONIUS-e5d4623c-5a06-4b45-b2f0--009,ALL_INVERTERS,,24.0,0.0,0.0,,24.0,0.0,0.0,,24.0,0.0,0.0,,24.0,0.0,0.0,,24.0,0.0,0.0,,24.0,0.0,0.0,,24.0,0.0,0.0,
G and C farms south meter,2025-09-08,Normal,,,,,24.0,0.0,0.0,,24.0,0.0,0.0,,24.0,0.0,0.0,,24.0,0.0,0.0,,24.0,0.0,0.0,,24.0,0.0,0.0,,24.0,0.0,0.0,
G and C farms south meter,2025-09-09,Normal,,,,,24.0,0.0,0.0,,24.0,0.0,0.0,,24.0,0.0,0.0,,24.0,0.0,0.0,,24.0,0.0,0.0,,24.0,0.0,0.0,,24.0,0.0,0.0,
G and C farms south meter,2025-09-10,Normal,,,,,24.0,0.0,0.0,,24.0,0.0,0.0,,24.0,0.0,0.0,,24.0,0.0,0.0,,24.0,0.0,0.0,,24.0,0.0,0.0,,24.0,0.0,0.0,
G and C farms south meter,,Omitted,,,,4,,,,,,,,,,,,,,,,,,,,,,,,,,,,
G and C farms south meter,2025-09-15,site_missing_data,1344.37,FRONIUS-e5d4623c-5a06-4b45-b2f0--010,ALL_INVERTERS,,24.0,0.0,0.0,,24.0,0.0,0.0,,24.0,0.0,0.0,,24.0,0.0,0.0,,24.0,0.0,0.0,,24.0,0.0,0.0,,24.0,0.0,0.0,
G and C farms south meter,2025-09-16,site_missing_data,1251.005,FRONIUS-e5d4623c-5a06-4b45-b2f0--010,ALL_INVERTERS,,24.0,0.0,0.0,,24.0,0.0,0.0,,24.0,0.0,0.0,,24.0,0.0,0.0,,24.0,0.0,0.0,,24.0,0.0,0.0,,24.0,0.0,0.0,
G and C farms south meter,2025-09-17,site_missing_data,1318.09,FRONIUS-e5d4623c-5a06-4b45-b2f0--010,ALL_INVERTERS,,24.0,0.0,0.0,,24.0,0.0,0.0,,24.0,0.0,0.0,,24.0,0.0,0.0,,24.0,0.0,0.0,,24.0,0.0,0.0,,24.0,0.0,0.0,
G and C farms south meter,2025-09-18,site_missing_data,1237.865,FRONIUS-e5d4623c-5a06-4b45-b2f0--010,ALL_INVERTERS,,24.0,0.0,0.0,,24.0,0.0,0.0,,24.0,0.0,0.0,,24.0,0.0,0.0,,24.0,0.0,0.0,,24.0,0.0,0.0,,24.0,0.0,0.0,
G and C farms south meter,2025-09-19,site_missing_data,1157.64,FRONIUS-e5d4623c-5a06-4b45-b2f0--010,ALL_INVERTERS,,24.0,0.0,0.0,,24.0,0.0,0.0,,24.0,0.0,0.0,,24.0,0.0,0.0,,24.0,0.0,0.0,,24.0,0.0,0.0,,24.0,0.0,0.0,
G and C farms south meter,2025-09-20,site_missing_data,1149.525,FRONIUS-e5d4623c-5a06-4b45-b2f0--010,ALL_INVERTERS,,24.0,0.0,0.0,,24.0,0.0,0.0,,24.0,0.0,0.0,,24.0,0.0,0.0,,24.0,0.0,0.0,,24.0,0.0,0.0,,24.0,0.0,0.0,
G and C farms south meter,2025-09-21,site_missing_data,1141.41,FRONIUS-e5d4623c-5a06-4b45-b2f0--010,ALL_INVERTERS,,24.0,0.0,0.0,,24.0,0.0,0.0,,24.0,0.0,0.0,,24.0,0.0,0.0,,24.0,0.0,0.0,,24.0,0.0,0.0,,24.0,0.0,0.0,
G and C farms south meter,,Omitted,,,,1,,,,,,,,,,,,,,,,,,,,,,,,,,,,
G and C farms south meter,2025-09-23,offline_or_near_zero,1157.64,FRONIUS-e5d4623c-5a06-4b45-b2f0--011,Symo  Advanced 24.0-3 480 (4),,24.0,1.07,0.044583,0.00647,24.0,192.88,8.036667,1.166304,24.0,194.35,8.097917,1.175193,24.0,192.91,8.037917,1.166485,24.0,191.14,7.964167,1.155782,24.0,191.97,7.99875,1.160801,24.0,193.32,8.055,1.168964
G and C farms south meter,,Omitted,,,,1,,,,,,,,,,,,,,,,,,,,,,,,,,,,
G and C farms south meter,2025-09-25,offline_or_near_zero,1141.41,FRONIUS-e5d4623c-5a06-4b45-b2f0--012,Symo  Advanced 24.0-3 480 (4),,24.0,0.0,0.0,0.0,24.0,190.48,7.936667,1.168169,24.0,191.9,7.995833,1.176878,24.0,190.29,7.92875,1.167004,24.0,188.68,7.861667,1.15713,24.0,189.27,7.88625,1.160749,24.0,190.79,7.949583,1.17007
G and C farms south meter,2025-09-26,offline_or_near_zero,1031.27,FRONIUS-e5d4623c-5a06-4b45-b2f0--012,Symo  Advanced 24.0-3 480 (4),,24.0,0.0,0.0,0.0,24.0,171.83,7.159583,1.166339,24.0,173.42,7.225833,1.177131,24.0,171.42,7.1425,1.163556,24.0,170.7,7.1125,1.158668,24.0,170.99,7.124583,1.160637,24.0,172.91,7.204583,1.173669
G and C farms south meter,2025-09-27,offline_or_near_zero,677.06,FRONIUS-e5d4623c-5a06-4b45-b2f0--012,Symo  Advanced 24.0-3 480 (4),,24.0,0.0,0.0,0.0,24.0,114.57,4.77375,1.184518,24.0,113.13,4.71375,1.16963,24.0,114.2,4.758333,1.180693,24.0,111.01,4.625417,1.147712,24.0,112.5,4.6875,1.163117,24.0,111.65,4.652083,1.154329
G and C farms south meter,2025-09-28,offline_or_near_zero,997.59,FRONIUS-e5d4623c-5a06-4b45-b2f0--012,Symo  Advanced 24.0-3 480 (4),,24.0,0.0,0.0,0.0,24.0,167.13,6.96375,1.172736,24.0,167.12,6.963333,1.172666,24.0,166.87,6.952917,1.170912,24.0,164.78,6.865833,1.156247,24.0,165.63,6.90125,1.162211,24.0,166.06,6.919167,1.165228
G and C farms south meter,2025-09-29,offline_or_near_zero,1113.19,FRONIUS-e5d4623c-5a06-4b45-b2f0--012,Symo  Advanced 24.0-3 480 (4),,24.0,0.0,0.0,0.0,24.0,185.52,7.73,1.166593,24.0,187.21,7.800417,1.17722,24.0,185.52,7.73,1.166593,24.0,184.07,7.669583,1.157475,24.0,184.54,7.689167,1.160431,24.0,186.33,7.76375,1.171687
G and C farms south meter,2025-09-30,offline_or_near_zero,810.1,FRONIUS-e5d4623c-5a06-4b45-b2f0--012,Symo  Advanced 24.0-3 480 (4),,24.0,0.0,0.0,0.0,24.0,137.21,5.717083,1.185619,24.0,135.28,5.636667,1.168942,24.0,136.94,5.705833,1.183286,24.0,132.81,5.53375,1.147599,24.0,134.75,5.614583,1.164362,24.0,133.11,5.54625,1.150191
G and C farms south meter,2025-10-01,offline_or_near_zero,977.02,FRONIUS-e5d4623c-5a06-4b45-b2f0--012,Symo  Advanced 24.0-3 480 (4),,24.0,0.0,0.0,0.0,24.0,163.89,6.82875,1.174213,24.0,163.63,6.817917,1.172351,24.0,163.6,6.816667,1.172136,24.0,161.36,6.723333,1.156087,24.0,162.24,6.76,1.162392,24.0,162.3,6.7625,1.162822
G and C farms south meter,2025-10-02,offline_or_near_zero,886.92,FRONIUS-e5d4623c-5a06-4b45-b2f0--012,Symo  Advanced 24.0-3 480 (4),,24.0,0.0,0.0,0.0,24.0,149.87,6.244583,1.182846,24.0,148.03,6.167917,1.168324,24.0,149.67,6.23625,1.181268,24.0,145.88,6.078333,1.151355,24.0,147.45,6.14375,1.163746,24.0,146.02,6.084167,1.15246
G and C farms south meter,2025-10-03,offline_or_near_zero,836.93,FRONIUS-e5d4623c-5a06-4b45-b2f0--012,Symo  Advanced 24.0-3 480 (4),,24.0,0.0,0.0,0.0,24.0,140.63,5.859583,1.176215,24.0,139.81,5.825417,1.169357,24.0,139.93,5.830417,1.170361,24.0,138.42,5.7675,1.157731,24.0,139.4,5.808333,1.165928,24.0,138.74,5.780833,1.160408
G and C farms south meter,2025-10-04,offline_or_near_zero,238.22,FRONIUS-e5d4623c-5a06-4b45-b2f0--012,Symo  Advanced 24.0-3 480 (4),,24.0,0.0,0.0,0.0,24.0,40.71,1.69625,1.196247,24.0,39.48,1.645,1.160104,24.0,40.4,1.683333,1.187138,24.0,38.75,1.614583,1.138653,24.0,39.93,1.66375,1.173327,24.0,38.95,1.622917,1.14453
G and C farms south meter,2025-10-05,offline_or_near_zero,1068.61,FRONIUS-e5d4623c-5a06-4b45-b2f0--012,Symo  Advanced 24.0-3 480 (4),,24.0,0.0,0.0,0.0,24.0,178.25,7.427083,1.167638,24.0,179.74,7.489167,1.177399,24.0,177.81,7.40875,1.164756,24.0,176.94,7.3725,1.159057,24.0,176.93,7.372083,1.158992,24.0,178.94,7.455833,1.172158
G and C farms south meter,2025-10-06,offline_or_near_zero,1036.39,FRONIUS-e5d4623c-5a06-4b45-b2f0--012,Symo  Advanced 24.0-3 480 (4),,24.0,0.0,0.0,0.0,24.0,173.54,7.230833,1.172126,24.0,173.85,7.24375,1.17422,24.0,173.19,7.21625,1.169762,24.0,171.36,7.14,1.157402,24.0,171.79,7.157917,1.160306,24.0,172.66,7.194167,1.166183
G and C farms south meter,2025-10-07,offline_or_near_zero,1114.38,FRONIUS-e5d4623c-5a06-4b45-b2f0--012,Symo  Advanced 24.0-3 480 (4),,24.0,0.0,0.0,0.0,24.0,185.63,7.734583,1.166039,24.0,187.47,7.81125,1.177597,24.0,185.72,7.738333,1.166604,24.0,184.38,7.6825,1.158187,24.0,184.57,7.690417,1.15938,24.0,186.61,7.775417,1.172194
G and C farms south meter,2025-10-08,offline_or_near_zero,1115.94,FRONIUS-e5d4623c-5a06-4b45-b2f0--012,Symo  Advanced 24.0-3 480 (4),,24.0,0.0,0.0,0.0,24.0,186.02,7.750833,1.166855,24.0,187.69,7.820417,1.17733,24.0,185.79,7.74125,1.165412,24.0,184.74,7.6975,1.158826,24.0,184.85,7.702083,1.159516,24.0,186.85,7.785417,1.172061
G and C farms south meter,2025-10-09,offline_or_near_zero,1100.83,FRONIUS-e5d4623c-5a06-4b45-b2f0--012,Symo  Advanced 24.0-3 480 (4),,24.0,0.0,0.0,0.0,24.0,183.27,7.63625,1.165384,24.0,185.32,7.721667,1.17842,24.0,183.6,7.65,1.167483,24.0,182.1,7.5875,1.157944,24.0,182.26,7.594167,1.158962,24.0,184.28,7.678333,1.171807
G and C farms south meter,2025-10-10,offline_or_near_zero,1094.2,FRONIUS-e5d4623c-5a06-4b45-b2f0--012,Symo  Advanced 24.0-3 480 (4),,24.0,0.0,0.0,0.0,24.0,182.58,7.6075,1.168031,24.0,184.13,7.672083,1.177947,24.0,182.36,7.598333,1.166624,24.0,180.87,7.53625,1.157092,24.0,181.17,7.54875,1.159011,24.0,183.09,7.62875,1.171294
G and C farms south meter,2025-10-11,offline_or_near_zero,877.31,FRONIUS-e5d4623c-5a06-4b45-b2f0--012,Symo  Advanced 24.0-3 480 (4),,24.0,0.0,0.0,0.0,24.0,146.73,6.11375,1.170749,24.0,147.27,6.13625,1.175058,24.0,146.65,6.110417,1.170111,24.0,144.99,6.04125,1.156866,24.0,145.39,6.057917,1.160057,24.0,146.28,6.095,1.167159
G and C farms south meter,2025-10-12,offline_or_near_zero,326.62,FRONIUS-e5d4623c-5a06-4b45-b2f0--012,Symo  Advanced 24.0-3 480 (4),,24.0,0.0,0.0,0.0,24.0,55.61,2.317083,1.191813,24.0,54.15,2.25625,1.160523,24.0,55.07,2.294583,1.18024,24.0,53.5,2.229167,1.146592,24.0,54.64,2.276667,1.171024,24.0,53.65,2.235417,1.149807
G and C farms south meter,2025-10-13,offline_or_near_zero,847.21,FRONIUS-e5d4623c-5a06-4b45-b2f0--012,Symo  Advanced 24.0-3 480 (4),,24.0,0.0,0.0,0.0,24.0,143.31,5.97125,1.184087,24.0,142.32,5.93,1.175907,24.0,143.1,5.9625,1.182351,24.0,138.59,5.774583,1.145088,24.0,139.71,5.82125,1.154342,24.0,140.18,5.840833,1.158225
G and C farms south meter,2025-10-14,offline_or_near_zero,341.58,FRONIUS-e5d4623c-5a06-4b45-b2f0--012,Symo  Advanced 24.0-3 480 (4),,24.0,0.0,0.0,0.0,24.0,58.49,2.437083,1.198636,24.0,56.68,2.361667,1.161543,24.0,58.23,2.42625,1.193308,24.0,55.37,2.307083,1.134698,24.0,57.01,2.375417,1.168306,24.0,55.8,2.325,1.14351
G and C farms south meter,2025-10-15,offline_or_near_zero,881.05,FRONIUS-e5d4623c-5a06-4b45-b2f0--012,Symo  Advanced 24.0-3 480 (4),,24.0,0.0,0.0,0.0,24.0,147.9,6.1625,1.175075,24.0,147.86,6.160833,1.174757,24.0,147.49,6.145417,1.171818,24.0,145.23,6.05125,1.153862,24.0,145.93,6.080417,1.159423,24.0,146.64,6.11,1.165064
G and C farms south meter,2025-10-16,offline_or_near_zero,1084.04,FRONIUS-e5d4623c-5a06-4b45-b2f0--012,Symo  Advanced 24.0-3 480 (4),,24.0,0.0,0.0,0.0,24.0,181.33,7.555417,1.170907,24.0,182.59,7.607917,1.179043,24.0,181.37,7.557083,1.171165,24.0,178.48,7.436667,1.152504,24.0,179.06,7.460833,1.156249,24.0,181.21,7.550417,1.170132
G and C farms south meter,2025-10-17,offline_or_near_zero,263.4,FRONIUS-e5d4623c-5a06-4b45-b2f0--012,Symo  Advanced 24.0-3 480 (4),,24.0,0.0,0.0,0.0,24.0,45.24,1.885,1.202278,24.0,43.79,1.824583,1.163743,24.0,45.14,1.880833,1.19962,24.0,42.67,1.777917,1.133979,24.0,43.71,1.82125,1.161617,24.0,42.85,1.785417,1.138762
G and C farms south meter,2025-10-18,offline_or_near_zero,998.26,FRONIUS-e5d4623c-5a06-4b45-b2f0--012,Symo  Advanced 24.0-3 480 (4),,24.0,0.0,0.0,0.0,24.0,166.25,6.927083,1.165778,24.0,167.95,6.997917,1.177699,24.0,165.99,6.91625,1.163955,24.0,165.38,6.890833,1.159678,24.0,165.22,6.884167,1.158556,24.0,167.47,6.977917,1.174333
G and C farms south meter,2025-10-19,offline_or_near_zero,537.8,FRONIUS-e5d4623c-5a06-4b45-b2f0--012,Symo  Advanced 24.0-3 480 (4),,24.0,0.0,0.0,0.0,24.0,90.62,3.775833,1.179509,24.0,89.91,3.74625,1.170268,24.0,90.49,3.770417,1.177817,24.0,88.44,3.685,1.151134,24.0,89.25,3.71875,1.161677,24.0,89.09,3.712083,1.159595
G and C farms south meter,2025-10-20,offline_or_near_zero,801.68,FRONIUS-e5d4623c-5a06-4b45-b2f0--012,Symo  Advanced 24.0-3 480 (4),,24.0,0.0,0.0,0.0,24.0,134.01,5.58375,1.17013,24.0,134.71,5.612917,1.176242,24.0,133.71,5.57125,1.167511,24.0,132.7,5.529167,1.158692,24.0,132.43,5.517917,1.156334,24.0,134.12,5.588333,1.171091
G and C farms south meter,2025-10-21,offline_or_near_zero,1021.68,FRONIUS-e5d4623c-5a06-4b45-b2f0--012,Symo  Advanced 24.0-3 480 (4),,24.0,0.0,0.0,0.0,24.0,171.25,7.135417,1.173313,24.0,171.77,7.157083,1.176875,24.0,171.13,7.130417,1.17249,24.0,168.35,7.014583,1.153443,24.0,168.75,7.03125,1.156184,24.0,170.43,7.10125,1.167694
G and C farms south meter,2025-10-22,offline_or_near_zero,1050.64,FRONIUS-e5d4623c-5a06-4b45-b2f0--012,Symo  Advanced 24.0-3 480 (4),,24.0,0.0,0.0,0.0,24.0,177.05,7.377083,1.179614,24.0,176.85,7.36875,1.178282,24.0,176.93,7.372083,1.178815,24.0,171.7,7.154167,1.143969,24.0,172.98,7.2075,1.152498,24.0,175.13,7.297083,1.166822
G and C farms south meter,2025-10-23,offline_or_near_zero,1023.76,FRONIUS-e5d4623c-5a06-4b45-b2f0--012,Symo  Advanced 24.0-3 480 (4),,24.0,0.0,0.0,0.0,24.0,172.26,7.1775,1.177835,24.0,172.23,7.17625,1.17763,24.0,172.14,7.1725,1.177014,24.0,167.82,6.9925,1.147476,24.0,168.8,7.033333,1.154177,24.0,170.51,7.104583,1.165869
G and C farms south meter,2025-10-24,offline_or_near_zero,590.48,FRONIUS-e5d4623c-5a06-4b45-b2f0--012,Symo  Advanced 24.0-3 480 (4),,24.0,0.0,0.0,0.0,24.0,100.43,4.184583,1.190574,24.0,98.64,4.11,1.169354,24.0,100.5,4.1875,1.191404,24.0,96.53,4.022083,1.14434,24.0,97.54,4.064167,1.156314,24.0,96.84,4.035,1.148015
G and C farms south meter,2025-10-25,offline_or_near_zero,716.54,FRONIUS-e5d4623c-5a06-4b45-b2f0--012,Symo  Advanced 24.0-3 480 (4),,24.0,0.0,0.0,0.0,24.0,120.09,5.00375,1.173179,24.0,120.06,5.0025,1.172886,24.0,120.05,5.002083,1.172789,24.0,118.32,4.93,1.155888,24.0,118.8,4.95,1.160577,24.0,119.22,4.9675,1.16468
G and C farms south meter,2025-10-26,offline_or_near_zero,907.23,FRONIUS-e5d4623c-5a06-4b45-b2f0--012,Symo  Advanced 24.0-3 480 (4),,24.0,0.0,0.0,0.0,24.0,153.59,6.399583,1.185069,24.0,152.92,6.371667,1.179899,24.0,153.48,6.395,1.18422,24.0,147.46,6.144167,1.137771,24.0,148.88,6.203333,1.148727,24.0,150.9,6.2875,1.164313
G and C farms south meter,2025-10-27,offline_or_near_zero,653.78,FRONIUS-e5d4623c-5a06-4b45-b2f0--012,Symo  Advanced 24.0-3 480 (4),,24.0,0.0,0.0,0.0,24.0,111.1,4.629167,1.189544,24.0,109.75,4.572917,1.175089,24.0,110.95,4.622917,1.187938,24.0,106.52,4.438333,1.140506,24.0,107.57,4.482083,1.151748,24.0,107.89,4.495417,1.155175
G and C farms south meter,2025-10-28,offline_or_near_zero,1013.36,FRONIUS-e5d4623c-5a06-4b45-b2f0--012,Symo  Advanced 24.0-3 480 (4),,24.0,0.0,0.0,0.0,24.0,171.98,7.165833,1.187988,24.0,171.08,7.128333,1.181772,24.0,171.87,7.16125,1.187229,24.0,164.25,6.84375,1.134592,24.0,166.07,6.919583,1.147164,24.0,168.11,7.004583,1.161256
G and C farms south meter,2025-10-29,offline_or_near_zero,689.62,FRONIUS-e5d4623c-5a06-4b45-b2f0--012,Symo  Advanced 24.0-3 480 (4),,24.0,0.0,0.0,0.0,24.0,116.19,4.84125,1.179389,24.0,116.04,4.835,1.177866,24.0,116.13,4.83875,1.17878,24.0,113.05,4.710417,1.147516,24.0,113.66,4.735833,1.153708,24.0,114.55,4.772917,1.162742
G and C farms south meter,2025-10-30,offline_or_near_zero,733.53,FRONIUS-e5d4623c-5a06-4b45-b2f0--012,Symo  Advanced 24.0-3 480 (4),,24.0,0.0,0.0,0.0,24.0,125.24,5.218333,1.195152,24.0,123.01,5.125417,1.173872,24.0,124.78,5.199167,1.190762,24.0,119.54,4.980833,1.140758,24.0,120.42,5.0175,1.149155,24.0,120.54,5.0225,1.150301
G and C farms south meter,2025-10-31,offline_or_near_zero,836.2,FRONIUS-e5d4623c-5a06-4b45-b2f0--012,Symo  Advanced 24.0-3 480 (4),,24.0,0.0,0.0,0.0,24.0,143.15,5.964583,1.198338,24.0,140.98,5.874167,1.180172,24.0,143.24,5.968333,1.199091,24.0,134.53,5.605417,1.126178,24.0,136.6,5.691667,1.143506,24.0,137.7,5.7375,1.152715
G and C farms south meter,2025-11-01,offline_or_near_zero,301.47,FRONIUS-e5d4623c-5a06-4b45-b2f0--012,Symo  Advanced 24.0-3 480 (4),,24.0,0.0,0.0,0.0,24.0,52.89,2.20375,1.228082,24.0,50.41,2.100417,1.170498,24.0,52.88,2.203333,1.22785,24.0,47.97,1.99875,1.113842,24.0,49.11,2.04625,1.140312,24.0,48.21,2.00875,1.119415
G and C farms south meter,2025-11-02,offline_or_near_zero,979.03,FRONIUS-e5d4623c-5a06-4b45-b2f0--012,Symo  Advanced 24.0-3 480 (4),,24.0,0.0,0.0,0.0,24.0,168.49,7.020417,1.204692,24.0,165.77,6.907083,1.185245,24.0,168.18,7.0075,1.202476,24.0,156.72,6.53,1.120538,24.0,158.98,6.624167,1.136697,24.0,160.89,6.70375,1.150353
G and C farms south meter,2025-11-03,offline_or_near_zero,371.48,FRONIUS-e5d4623c-5a06-4b45-b2f0--012,Symo  Advanced 24.0-3 480 (4),,24.0,0.0,0.0,0.0,24.0,63.31,2.637917,1.192985,24.0,61.7,2.570833,1.162647,24.0,63.27,2.63625,1.192231,24.0,60.67,2.527917,1.143238,24.0,61.78,2.574167,1.164154,24.0,60.75,2.53125,1.144745
G and C farms south meter,2025-11-04,offline_or_near_zero,952.72,FRONIUS-e5d4623c-5a06-4b45-b2f0--012,Symo  Advanced 24.0-3 480 (4),,24.0,0.0,0.0,0.0,24.0,163.87,6.827917,1.204016,24.0,161.23,6.717917,1.184619,24.0,163.65,6.81875,1.202399,24.0,152.58,6.3575,1.121064,24.0,154.99,6.457917,1.138771,24.0,156.4,6.516667,1.149131
G and C farms south meter,2025-11-05,offline_or_near_zero,388.96,FRONIUS-e5d4623c-5a06-4b45-b2f0--012,Symo  Advanced 24.0-3 480 (4),,24.0,0.0,0.0,0.0,24.0,69.1,2.879167,1.243573,24.0,65.21,2.717083,1.173565,24.0,69.22,2.884167,1.245732,24.0,60.56,2.523333,1.089881,24.0,62.73,2.61375,1.128934,24.0,62.14,2.589167,1.118316
G and C farms south meter,2025-11-06,offline_or_near_zero,797.48,FRONIUS-e5d4623c-5a06-4b45-b2f0--012,Symo  Advanced 24.0-3 480 (4),,24.0,0.0,0.0,0.0,24.0,137.8,5.741667,1.20956,24.0,134.51,5.604583,1.180682,24.0,137.54,5.730833,1.207278,24.0,127.47,5.31125,1.118887,24.0,129.65,5.402083,1.138022,24.0,130.51,5.437917,1.145571
G and C farms south meter,2025-11-07,offline_or_near_zero,249.75,FRONIUS-e5d4623c-5a06-4b45-b2f0--012,Symo  Advanced 24.0-3 480 (4),,24.0,0.0,0.0,0.0,24.0,42.07,1.752917,1.179139,24.0,41.84,1.743333,1.172693,24.0,42.01,1.750417,1.177457,24.0,41.0,1.708333,1.149149,24.0,41.34,1.7225,1.158679,24.0,41.49,1.72875,1.162883
G and C farms south meter,2025-11-08,offline_or_near_zero,780.12,FRONIUS-e5d4623c-5a06-4b45-b2f0--012,Symo  Advanced 24.0-3 480 (4),,24.0,0.0,0.0,0.0,24.0,133.32,5.555,1.196277,24.0,131.07,5.46125,1.176088,24.0,132.57,5.52375,1.189548,24.0,126.52,5.271667,1.135261,24.0,128.16,5.34,1.149977,24.0,128.48,5.353333,1.152848
G and C farms south meter,2025-11-09,offline_or_near_zero,406.54,FRONIUS-e5d4623c-5a06-4b45-b2f0--012,Symo  Advanced 24.0-3 480 (4),,24.0,0.0,0.0,0.0,24.0,70.6,2.941667,1.215625,24.0,67.87,2.827917,1.168618,24.0,70.59,2.94125,1.215452,24.0,64.98,2.7075,1.118857,24.0,66.65,2.777083,1.147612,24.0,65.85,2.74375,1.133837
G and C farms south meter,2025-11-10,offline_or_near_zero,245.23,FRONIUS-e5d4623c-5a06-4b45-b2f0--012,Symo  Advanced 24.0-3 480 (4),,24.0,0.0,0.0,0.0,24.0,42.34,1.764167,1.20858,24.0,40.8,1.7,1.164621,24.0,42.25,1.760417,1.206011,24.0,39.7,1.654167,1.133222,24.0,40.44,1.685,1.154345,24.0,39.7,1.654167,1.133222
G and C farms south meter,2025-11-11,offline_or_near_zero,619.48,FRONIUS-e5d4623c-5a06-4b45-b2f0--012,Symo  Advanced 24.0-3 480 (4),,24.0,0.0,0.0,0.0,24.0,108.45,4.51875,1.225463,24.0,103.42,4.309167,1.168625,24.0,106.51,4.437917,1.203542,24.0,99.8,4.158333,1.12772,24.0,100.98,4.2075,1.141054,24.0,100.32,4.18,1.133596
G and C farms south meter,2025-11-12,offline_or_near_zero,659.93,FRONIUS-e5d4623c-5a06-4b45-b2f0--012,Symo  Advanced 24.0-3 480 (4),,24.0,0.0,0.0,0.0,24.0,112.18,4.674167,1.189914,24.0,110.97,4.62375,1.177079,24.0,112.28,4.678333,1.190975,24.0,107.53,4.480417,1.140591,24.0,107.99,4.499583,1.14547,24.0,108.98,4.540833,1.155971
G and C farms south meter,2025-11-13,offline_or_near_zero,552.36,FRONIUS-e5d4623c-5a06-4b45-b2f0--012,Symo  Advanced 24.0-3 480 (4),,24.0,0.0,0.0,0.0,24.0,94.54,3.939167,1.198095,24.0,92.16,3.84,1.167934,24.0,94.54,3.939167,1.198095,24.0,90.43,3.767917,1.14601,24.0,90.65,3.777083,1.148798,24.0,90.04,3.751667,1.141067
G and C farms south meter,,Omitted,,,,1,,,,,,,,,,,,,,,,,,,,,,,,,,,,
G and C farms south meter,2025-11-15,offline_or_near_zero,591.49,FRONIUS-e5d4623c-5a06-4b45-b2f0--013,Symo  Advanced 24.0-3 480 (4),,24.0,0.0,0.0,0.0,24.0,101.99,4.249583,1.207003,24.0,100.25,4.177083,1.186411,24.0,101.38,4.224167,1.199784,24.0,94.94,3.955833,1.123569,24.0,95.24,3.968333,1.12712,24.0,97.69,4.070417,1.156114
G and C farms south meter,2025-11-16,offline_or_near_zero,463.73,FRONIUS-e5d4623c-5a06-4b45-b2f0--013,Symo  Advanced 24.0-3 480 (4),,24.0,0.0,0.0,0.0,24.0,81.78,3.4075,1.234468,24.0,78.1,3.254167,1.178919,24.0,81.58,3.399167,1.231449,24.0,73.44,3.06,1.108576,24.0,74.56,3.106667,1.125483,24.0,74.27,3.094583,1.121105
G and C farms south meter,2025-11-17,offline_or_near_zero,530.5,FRONIUS-e5d4623c-5a06-4b45-b2f0--013,Symo  Advanced 24.0-3 480 (4),,24.0,0.0,0.0,0.0,24.0,90.31,3.762917,1.191649,24.0,89.16,3.715,1.176475,24.0,90.23,3.759583,1.190594,24.0,86.6,3.608333,1.142696,24.0,86.88,3.62,1.14639,24.0,87.32,3.638333,1.152196
G and C farms south meter,,Omitted,,,,1,,,,,,,,,,,,,,,,,,,,,,,,,,,,
G and C farms south meter,2025-11-19,offline_or_near_zero,818.02,FRONIUS-e5d4623c-5a06-4b45-b2f0--014,Symo  Advanced 24.0-3 480 (4),,24.0,0.0,0.0,0.0,24.0,146.99,6.124583,1.25783,24.0,139.42,5.809167,1.193052,24.0,146.66,6.110833,1.255006,24.0,125.17,5.215417,1.071111,24.0,130.16,5.423333,1.113811,24.0,129.62,5.400833,1.10919
G and C farms south meter,2025-11-20,offline_or_near_zero,836.22,FRONIUS-e5d4623c-5a06-4b45-b2f0--014,Symo  Advanced 24.0-3 480 (4),,24.0,0.0,0.0,0.0,24.0,153.02,6.375833,1.280931,24.0,143.8,5.991667,1.20375,24.0,152.79,6.36625,1.279006,24.0,124.93,5.205417,1.045789,24.0,130.65,5.44375,1.093672,24.0,131.03,5.459583,1.096853
G and C farms south meter,2025-11-21,offline_or_near_zero,500.47,FRONIUS-e5d4623c-5a06-4b45-b2f0--014,Symo  Advanced 24.0-3 480 (4),,24.0,0.0,0.0,0.0,24.0,87.84,3.66,1.228605,24.0,83.78,3.490833,1.171818,24.0,87.85,3.660417,1.228745,24.0,79.41,3.30875,1.110696,24.0,81.34,3.389167,1.137691,24.0,80.25,3.34375,1.122445
G and C farms south meter,2025-11-22,offline_or_near_zero,494.96,FRONIUS-e5d4623c-5a06-4b45-b2f0--014,Symo  Advanced 24.0-3 480 (4),,24.0,0.0,0.0,0.0,24.0,88.21,3.675417,1.247515,24.0,83.18,3.465833,1.176378,24.0,88.02,3.6675,1.244828,24.0,77.64,3.235,1.098028,24.0,79.54,3.314167,1.124899,24.0,78.37,3.265417,1.108352
G and C farms south meter,2025-11-23,offline_or_near_zero,263.77,FRONIUS-e5d4623c-5a06-4b45-b2f0--014,Symo  Advanced 24.0-3 480 (4),,24.0,0.0,0.0,0.0,24.0,46.7,1.945833,1.239337,24.0,44.05,1.835417,1.169011,24.0,46.72,1.946667,1.239868,24.0,41.65,1.735417,1.105319,24.0,42.59,1.774583,1.130265,24.0,42.06,1.7525,1.1162
G and C farms south meter,,Omitted,,,,1,,,,,,,,,,,,,,,,,,,,,,,,,,,,
G and C farms south meter,2025-11-25,offline_or_near_zero,420.22,FRONIUS-e5d4623c-5a06-4b45-b2f0--015,Symo  Advanced 24.0-3 480 (4),,24.0,0.0,0.0,0.0,24.0,58.04,2.418333,0.966827,24.0,88.78,3.699167,1.478892,24.0,74.96,3.123333,1.248679,24.0,56.3,2.345833,0.937842,24.0,65.89,2.745417,1.097592,24.0,76.25,3.177083,1.270168
G and C farms south meter,2025-11-26,offline_or_near_zero,555.69,FRONIUS-e5d4623c-5a06-4b45-b2f0--015,Symo  Advanced 24.0-3 480 (4),,24.0,0.0,0.0,0.0,24.0,94.47,3.93625,1.190034,24.0,101.34,4.2225,1.276575,24.0,93.52,3.896667,1.178067,24.0,82.87,3.452917,1.043909,24.0,89.04,3.71,1.121633,24.0,94.45,3.935417,1.189782
G and C farms south meter,2025-11-27,offline_or_near_zero,369.96,FRONIUS-e5d4623c-5a06-4b45-b2f0--015,Symo  Advanced 24.0-3 480 (4),,24.0,0.0,0.0,0.0,24.0,60.44,2.518333,1.143583,24.0,68.91,2.87125,1.303844,24.0,62.04,2.585,1.173857,24.0,55.25,2.302083,1.045383,24.0,59.38,2.474167,1.123527,24.0,63.94,2.664167,1.209806
G and C farms south meter,,Omitted,,,,0,,,,,,,,,,,,,,,,,,,,,,,,,,,,
G and C farms south meter,2025-11-28,site_missing_data,420.22,FRONIUS-e5d4623c-5a06-4b45-b2f0--016,ALL_INVERTERS,,24.0,0.0,0.0,,24.0,0.0,0.0,,24.0,0.0,0.0,,24.0,0.0,0.0,,24.0,0.0,0.0,,24.0,0.0,0.0,,24.0,0.0,0.0,
G and C farms south meter,2025-11-29,site_missing_data,395.09,FRONIUS-e5d4623c-5a06-4b45-b2f0--016,ALL_INVERTERS,,24.0,0.0,0.0,,24.0,0.0,0.0,,24.0,0.0,0.0,,24.0,0.0,0.0,,24.0,0.0,0.0,,24.0,0.0,0.0,,24.0,0.0,0.0,
G and C farms south meter,2025-11-30,site_missing_data,369.96,FRONIUS-e5d4623c-5a06-4b45-b2f0--016,ALL_INVERTERS,,24.0,0.0,0.0,,24.0,0.0,0.0,,24.0,0.0,0.0,,24.0,0.0,0.0,,24.0,0.0,0.0,,24.0,0.0,0.0,,24.0,0.0,0.0,
G and C farms south meter,2025-12-01,site_missing_data,395.09,FRONIUS-e5d4623c-5a06-4b45-b2f0--016,ALL_INVERTERS,,24.0,0.0,0.0,,24.0,0.0,0.0,,24.0,0.0,0.0,,24.0,0.0,0.0,,24.0,0.0,0.0,,24.0,0.0,0.0,,24.0,0.0,0.0,
G and C farms south meter,2025-12-02,site_missing_data,420.22,FRONIUS-e5d4623c-5a06-4b45-b2f0--016,ALL_INVERTERS,,24.0,0.0,0.0,,24.0,0.0,0.0,,24.0,0.0,0.0,,24.0,0.0,0.0,,24.0,0.0,0.0,,24.0,0.0,0.0,,24.0,0.0,0.0,
G and C farms south meter,2025-12-03,site_missing_data,462.825,FRONIUS-e5d4623c-5a06-4b45-b2f0--016,ALL_INVERTERS,,24.0,0.0,0.0,,24.0,0.0,0.0,,24.0,0.0,0.0,,24.0,0.0,0.0,,24.0,0.0,0.0,,24.0,0.0,0.0,,24.0,0.0,0.0,
G and C farms south meter,2025-12-04,site_missing_data,369.96,FRONIUS-e5d4623c-5a06-4b45-b2f0--016,ALL_INVERTERS,,24.0,0.0,0.0,,24.0,0.0,0.0,,24.0,0.0,0.0,,24.0,0.0,0.0,,24.0,0.0,0.0,,24.0,0.0,0.0,,24.0,0.0,0.0,
G and C farms south meter,2025-12-05,Normal,,,,,24.0,0.0,0.0,,24.0,0.0,0.0,,24.0,0.0,0.0,,24.0,0.0,0.0,,24.0,0.0,0.0,,24.0,0.0,0.0,,24.0,0.0,0.0,
G and C farms south meter,2025-12-06,Normal,,,,,24.0,0.0,0.0,,24.0,0.0,0.0,,24.0,0.0,0.0,,24.0,0.0,0.0,,24.0,0.0,0.0,,24.0,0.0,0.0,,24.0,0.0,0.0,
G and C farms south meter,2025-12-07,Normal,,,,,24.0,0.0,0.0,,24.0,0.0,0.0,,24.0,0.0,0.0,,24.0,0.0,0.0,,24.0,0.0,0.0,,24.0,0.0,0.0,,24.0,0.0,0.0,
G and C farms south meter,2025-12-08,Normal,,,,,24.0,0.0,0.0,,24.0,0.0,0.0,,24.0,0.0,0.0,,24.0,0.0,0.0,,24.0,0.0,0.0,,24.0,0.0,0.0,,24.0,0.0,0.0,
G and C farms south meter,2025-12-09,Normal,,,,,24.0,0.0,0.0,,24.0,0.0,0.0,,24.0,0.0,0.0,,24.0,0.0,0.0,,24.0,0.0,0.0,,24.0,0.0,0.0,,24.0,0.0,0.0,
G and C farms south meter,2025-12-10,Normal,,,,,24.0,0.0,0.0,,24.0,0.0,0.0,,24.0,0.0,0.0,,24.0,0.0,0.0,,24.0,0.0,0.0,,24.0,0.0,0.0,,24.0,0.0,0.0,
G and C farms south meter,2025-12-11,Normal,,,,,24.0,0.0,0.0,,24.0,0.0,0.0,,24.0,0.0,0.0,,24.0,0.0,0.0,,24.0,0.0,0.0,,24.0,0.0,0.0,,24.0,0.0,0.0,
G and C farms south meter,2025-12-12,Normal,,,,,24.0,0.0,0.0,,24.0,0.0,0.0,,24.0,0.0,0.0,,24.0,0.0,0.0,,24.0,0.0,0.0,,24.0,0.0,0.0,,24.0,0.0,0.0,
G and C farms south meter,2025-12-13,Normal,,,,,24.0,0.0,0.0,,24.0,0.0,0.0,,24.0,0.0,0.0,,24.0,0.0,0.0,,24.0,0.0,0.0,,24.0,0.0,0.0,,24.0,0.0,0.0,
G and C farms south meter,2025-12-14,Normal,,,,,24.0,0.0,0.0,,24.0,0.0,0.0,,24.0,0.0,0.0,,24.0,0.0,0.0,,24.0,0.0,0.0,,24.0,0.0,0.0,,24.0,0.0,0.0,
G and C farms south meter,,Omitted,,,,6,,,,,,,,,,,,,,,,,,,,,,,,,,,,
G and C farms south meter,2025-12-21,Normal,,,,,24.0,0.0,0.0,,24.0,0.0,0.0,,24.0,0.0,0.0,,24.0,0.0,0.0,,24.0,0.0,0.0,,24.0,0.0,0.0,,24.0,0.0,0.0,
G and C farms south meter,2025-12-22,Normal,,,,,24.0,0.0,0.0,,24.0,0.0,0.0,,24.0,0.0,0.0,,24.0,0.0,0.0,,24.0,0.0,0.0,,24.0,0.0,0.0,,24.0,0.0,0.0,
G and C farms south meter,2025-12-23,Normal,,,,,24.0,0.0,0.0,,24.0,0.0,0.0,,24.0,0.0,0.0,,24.0,0.0,0.0,,24.0,0.0,0.0,,24.0,0.0,0.0,,24.0,0.0,0.0,
G and C farms south meter,2025-12-24,Normal,,,,,24.0,0.0,0.0,,24.0,0.0,0.0,,24.0,0.0,0.0,,24.0,0.0,0.0,,24.0,0.0,0.0,,24.0,0.0,0.0,,24.0,0.0,0.0,
G and C farms south meter,2025-12-25,Normal,,,,,24.0,0.0,0.0,,24.0,0.0,0.0,,24.0,0.0,0.0,,24.0,0.0,0.0,,24.0,0.0,0.0,,24.0,0.0,0.0,,24.0,0.0,0.0,
G and C farms south meter,2025-12-26,Normal,,,,,24.0,0.0,0.0,,24.0,0.0,0.0,,24.0,0.0,0.0,,24.0,0.0,0.0,,24.0,0.0,0.0,,24.0,0.0,0.0,,24.0,0.0,0.0,
G and C farms south meter,2025-12-27,Normal,,,,,24.0,0.0,0.0,,24.0,0.0,0.0,,24.0,0.0,0.0,,24.0,0.0,0.0,,24.0,0.0,0.0,,24.0,0.0,0.0,,24.0,0.0,0.0,
G and C farms south meter,2025-12-28,Normal,,,,,24.0,0.0,0.0,,24.0,0.0,0.0,,24.0,0.0,0.0,,24.0,0.0,0.0,,24.0,0.0,0.0,,24.0,0.0,0.0,,24.0,0.0,0.0,
G and C farms south meter,2025-12-29,Normal,,,,,24.0,0.0,0.0,,24.0,0.0,0.0,,24.0,0.0,0.0,,24.0,0.0,0.0,,24.0,0.0,0.0,,24.0,0.0,0.0,,24.0,0.0,0.0,
G and C farms south meter,2025-12-30,Normal,,,,,24.0,0.0,0.0,,24.0,0.0,0.0,,24.0,0.0,0.0,,24.0,0.0,0.0,,24.0,0.0,0.0,,24.0,0.0,0.0,,24.0,0.0,0.0,
G and C farms south meter,2025-12-31,site_missing_data,217.1,FRONIUS-e5d4623c-5a06-4b45-b2f0--017,ALL_INVERTERS,,24.0,0.0,0.0,,24.0,0.0,0.0,,24.0,0.0,0.0,,24.0,0.0,0.0,,24.0,0.0,0.0,,24.0,0.0,0.0,,24.0,0.0,0.0,
G and C farms south meter,2026-01-01,site_missing_data,253.79,FRONIUS-e5d4623c-5a06-4b45-b2f0--017,ALL_INVERTERS,,24.0,0.0,0.0,,24.0,0.0,0.0,,24.0,0.0,0.0,,24.0,0.0,0.0,,24.0,0.0,0.0,,24.0,0.0,0.0,,24.0,0.0,0.0,
G and C farms south meter,2026-01-02,site_missing_data,315.285,FRONIUS-e5d4623c-5a06-4b45-b2f0--017,ALL_INVERTERS,,24.0,0.0,0.0,,24.0,0.0,0.0,,24.0,0.0,0.0,,24.0,0.0,0.0,,24.0,0.0,0.0,,24.0,0.0,0.0,,24.0,0.0,0.0,
G and C farms south meter,2026-01-03,site_missing_data,272.82,FRONIUS-e5d4623c-5a06-4b45-b2f0--017,ALL_INVERTERS,,24.0,0.0,0.0,,24.0,0.0,0.0,,24.0,0.0,0.0,,24.0,0.0,0.0,,24.0,0.0,0.0,,24.0,0.0,0.0,,24.0,0.0,0.0,
G and C farms south meter,2026-01-04,Normal,66.97,,,,24.0,0.0,0.0,0.0,24.0,0.0,0.0,0.0,24.0,0.0,0.0,0.0,24.0,0.0,0.0,0.0,24.0,0.0,0.0,0.0,24.0,66.97,2.790417,7.0,24.0,0.0,0.0,0.0
G and C farms south meter,,Omitted,,,,1,,,,,,,,,,,,,,,,,,,,,,,,,,,,
G and C farms south meter,2026-01-06,offline_or_near_zero,253.79,FRONIUS-e5d4623c-5a06-4b45-b2f0--018,Symo  Advanced 24.0-3 480 (4),,24.0,0.0,0.0,0.0,24.0,44.35,1.847917,1.223255,24.0,42.94,1.789167,1.184365,24.0,44.74,1.864167,1.234012,24.0,36.49,1.520417,1.006462,24.0,43.07,1.794583,1.187951,24.0,42.2,1.758333,1.163954
G and C farms south meter,2026-01-07,offline_or_near_zero,376.78,FRONIUS-e5d4623c-5a06-4b45-b2f0--018,Symo  Advanced 24.0-3 480 (4),,24.0,0.0,0.0,0.0,24.0,68.9,2.870833,1.280057,24.0,64.78,2.699167,1.203514,24.0,69.3,2.8875,1.287489,24.0,53.14,2.214167,0.98726,24.0,61.08,2.545,1.134774,24.0,59.58,2.4825,1.106906
G and C farms south meter,2026-01-08,offline_or_near_zero,717.14,FRONIUS-e5d4623c-5a06-4b45-b2f0--018,Symo  Advanced 24.0-3 480 (4),,24.0,0.0,0.0,0.0,24.0,134.38,5.599167,1.311683,24.0,126.39,5.26625,1.233692,24.0,134.19,5.59125,1.309828,24.0,100.46,4.185833,0.98059,24.0,112.16,4.673333,1.094793,24.0,109.56,4.565,1.069415
G and C farms south meter,2026-01-09,offline_or_near_zero,583.68,FRONIUS-e5d4623c-5a06-4b45-b2f0--018,Symo  Advanced 24.0-3 480 (4),,24.0,0.0,0.0,0.0,24.0,102.56,4.273333,1.229989,24.0,100.21,4.175417,1.201806,24.0,104.56,4.356667,1.253975,24.0,85.83,3.57625,1.029348,24.0,95.47,3.977917,1.14496,24.0,95.05,3.960417,1.139923
G and C farms south meter,2026-01-10,offline_or_near_zero,272.82,FRONIUS-e5d4623c-5a06-4b45-b2f0--018,Symo  Advanced 24.0-3 480 (4),,24.0,0.0,0.0,0.0,24.0,48.62,2.025833,1.247489,24.0,46.37,1.932083,1.189759,24.0,49.53,2.06375,1.270838,24.0,38.53,1.605417,0.988601,24.0,45.27,1.88625,1.161535,24.0,44.5,1.854167,1.141778
G and C farms south meter,2026-01-11,offline_or_near_zero,460.86,FRONIUS-e5d4623c-5a06-4b45-b2f0--018,Symo  Advanced 24.0-3 480 (4),,24.0,0.0,0.0,0.0,24.0,80.22,3.3425,1.218461,24.0,78.08,3.253333,1.185957,24.0,80.44,3.351667,1.221803,24.0,69.61,2.900417,1.057306,24.0,76.62,3.1925,1.163781,24.0,75.89,3.162083,1.152693
G and C farms south meter,,Omitted,,,,1,,,,,,,,,,,,,,,,,,,,,,,,,,,,
G and C farms south meter,2026-01-13,offline_or_near_zero,717.97,FRONIUS-e5d4623c-5a06-4b45-b2f0--019,Symo  Advanced 24.0-3 480 (4),,24.0,0.0,0.0,0.0,24.0,131.69,5.487083,1.283939,24.0,122.54,5.105833,1.19473,24.0,131.57,5.482083,1.282769,24.0,104.03,4.334583,1.014262,24.0,115.41,4.80875,1.125214,24.0,112.73,4.697083,1.099085
G and C farms south meter,2026-01-14,offline_or_near_zero,788.17,FRONIUS-e5d4623c-5a06-4b45-b2f0--019,Symo  Advanced 24.0-3 480 (4),,24.0,0.0,0.0,0.0,24.0,148.89,6.20375,1.322342,24.0,136.98,5.7075,1.216565,24.0,148.9,6.204167,1.32243,24.0,111.36,4.64,0.989025,24.0,122.06,5.085833,1.084055,24.0,119.98,4.999167,1.065582
G and C farms south meter,2026-01-15,offline_or_near_zero,480.3,FRONIUS-e5d4623c-5a06-4b45-b2f0--019,Symo  Advanced 24.0-3 480 (4),,24.0,0.0,0.0,0.0,24.0,88.25,3.677083,1.286175,24.0,82.62,3.4425,1.204122,24.0,87.88,3.661667,1.280783,24.0,70.43,2.934583,1.026463,24.0,76.32,3.18,1.112305,24.0,74.8,3.116667,1.090152
G and C farms south meter,2026-01-16,offline_or_near_zero,761.67,FRONIUS-e5d4623c-5a06-4b45-b2f0--019,Symo  Advanced 24.0-3 480 (4),,24.0,0.0,0.0,0.0,24.0,141.52,5.896667,1.300616,24.0,131.9,5.495833,1.212205,24.0,141.18,5.8825,1.297491,24.0,109.89,4.57875,1.009926,24.0,119.17,4.965417,1.095212,24.0,118.01,4.917083,1.084551
G and C farms south meter,2026-01-17,offline_or_near_zero,646.31,FRONIUS-e5d4623c-5a06-4b45-b2f0--019,Symo  Advanced 24.0-3 480 (4),,24.0,0.0,0.0,0.0,24.0,120.27,5.01125,1.30261,24.0,112.52,4.688333,1.218672,24.0,120.99,5.04125,1.310408,24.0,92.13,3.83875,0.997834,24.0,100.97,4.207083,1.093577,24.0,99.43,4.142917,1.076898
G and C farms south meter,2026-01-18,offline_or_near_zero,423.77,FRONIUS-e5d4623c-5a06-4b45-b2f0--019,Symo  Advanced 24.0-3 480 (4),,24.0,0.0,0.0,0.0,24.0,77.05,3.210417,1.272742,24.0,72.43,3.017917,1.196427,24.0,77.01,3.20875,1.272082,24.0,61.23,2.55125,1.011421,24.0,68.4,2.85,1.129858,24.0,67.65,2.81875,1.117469
G and C farms south meter,2026-01-19,offline_or_near_zero,438.22,FRONIUS-e5d4623c-5a06-4b45-b2f0--019,Symo  Advanced 24.0-3 480 (4),,24.0,0.0,0.0,0.0,24.0,83.16,3.465,1.328374,24.0,75.49,3.145417,1.205856,24.0,83.03,3.459583,1.326297,24.0,60.47,2.519583,0.96593,24.0,68.46,2.8525,1.09356,24.0,67.61,2.817083,1.079983
G and C farms south meter,,Omitted,,,,1,,,,,,,,,,,,,,,,,,,,,,,,,,,,
G and C farms south meter,2026-01-21,offline_or_near_zero,693.37,FRONIUS-e5d4623c-5a06-4b45-b2f0--020,Symo  Advanced 24.0-3 480 (4),,24.0,0.0,0.0,0.0,24.0,126.89,5.287083,1.281033,24.0,125.18,5.215833,1.26377,24.0,122.15,5.089583,1.23318,24.0,107.9,4.495833,1.089317,24.0,100.25,4.177083,1.012086,24.0,111.0,4.625,1.120614
G and C farms south meter,2026-01-22,offline_or_near_zero,398.27,FRONIUS-e5d4623c-5a06-4b45-b2f0--020,Symo  Advanced 24.0-3 480 (4),,24.0,0.0,0.0,0.0,24.0,70.01,2.917083,1.230497,24.0,68.04,2.835,1.195872,24.0,70.27,2.927917,1.235067,24.0,61.17,2.54875,1.075125,24.0,64.3,2.679167,1.130138,24.0,64.48,2.686667,1.133302
G and C farms south meter,2026-01-23,offline_or_near_zero,766.79,FRONIUS-e5d4623c-5a06-4b45-b2f0--020,Symo  Advanced 24.0-3 480 (4),,24.0,0.0,0.0,0.0,24.0,137.54,5.730833,1.255598,24.0,131.57,5.482083,1.201098,24.0,138.17,5.757083,1.261349,24.0,115.84,4.826667,1.057499,24.0,121.62,5.0675,1.110265,24.0,122.05,5.085417,1.11419
G and C farms south meter,,Omitted,,,,1,,,,,,,,,,,,,,,,,,,,,,,,,,,,
G and C farms south meter,2026-01-25,offline_or_near_zero,514.6,FRONIUS-e5d4623c-5a06-4b45-b2f0--021,Symo  Advanced 24.0-3 480 (4),,24.0,0.0,0.0,0.0,24.0,66.63,2.77625,0.906354,24.0,62.02,2.584167,0.843646,24.0,83.07,3.46125,1.129984,24.0,74.26,3.094167,1.010144,24.0,131.41,5.475417,1.787544,24.0,97.21,4.050417,1.322328
G and C farms south meter,2026-01-26,offline_or_near_zero,645.16,FRONIUS-e5d4623c-5a06-4b45-b2f0--021,Symo  Advanced 24.0-3 480 (4),,24.0,0.0,0.0,0.0,24.0,112.24,4.676667,1.217806,24.0,90.06,3.7525,0.977153,24.0,120.22,5.009167,1.30439,24.0,98.18,4.090833,1.065255,24.0,120.41,5.017083,1.306451,24.0,104.05,4.335417,1.128945
G and C farms south meter,2026-01-27,offline_or_near_zero,852.34,FRONIUS-e5d4623c-5a06-4b45-b2f0--021,Symo  Advanced 24.0-3 480 (4),,24.0,0.0,0.0,0.0,24.0,150.12,6.255,1.232888,24.0,144.65,6.027083,1.187965,24.0,153.11,6.379583,1.257444,24.0,126.58,5.274167,1.039562,24.0,139.84,5.826667,1.148462,24.0,138.04,5.751667,1.133679
G and C farms south meter,2026-01-28,offline_or_near_zero,212.64,FRONIUS-e5d4623c-5a06-4b45-b2f0--021,Symo  Advanced 24.0-3 480 (4),,24.0,0.0,0.0,0.0,24.0,36.2,1.508333,1.191685,24.0,34.79,1.449583,1.145269,24.0,39.24,1.635,1.291761,24.0,27.61,1.150417,0.908907,24.0,39.53,1.647083,1.301307,24.0,35.27,1.469583,1.16107
G and C farms south meter,2026-01-29,offline_or_near_zero,775.22,FRONIUS-e5d4623c-5a06-4b45-b2f0--021,Symo  Advanced 24.0-3 480 (4),,24.0,0.0,0.0,0.0,24.0,137.63,5.734583,1.242757,24.0,130.96,5.456667,1.182529,24.0,142.84,5.951667,1.289802,24.0,105.17,4.382083,0.949653,24.0,132.6,5.525,1.197338,24.0,126.02,5.250833,1.137922
G and C farms south meter,2026-01-30,offline_or_near_zero,406.57,FRONIUS-e5d4623c-5a06-4b45-b2f0--021,Symo  Advanced 24.0-3 480 (4),,24.0,0.0,0.0,0.0,24.0,69.98,2.915833,1.20486,24.0,67.27,2.802917,1.158202,24.0,73.91,3.079583,1.272524,24.0,55.08,2.295,0.948324,24.0,73.17,3.04875,1.259783,24.0,67.16,2.798333,1.156308
G and C farms south meter,2026-01-31,offline_or_near_zero,792.75,FRONIUS-e5d4623c-5a06-4b45-b2f0--021,Symo  Advanced 24.0-3 480 (4),,24.0,0.0,0.0,0.0,24.0,135.94,5.664167,1.200353,24.0,134.24,5.593333,1.185342,24.0,138.15,5.75625,1.219868,24.0,120.83,5.034583,1.066932,24.0,132.07,5.502917,1.166181,24.0,131.52,5.48,1.161325
G and C farms south meter,2026-02-01,offline_or_near_zero,425.17,FRONIUS-e5d4623c-5a06-4b45-b2f0--021,Symo  Advanced 24.0-3 480 (4),,24.0,0.0,0.0,0.0,24.0,72.46,3.019167,1.192982,24.0,71.01,2.95875,1.169109,24.0,76.05,3.16875,1.252087,24.0,60.76,2.531667,1.000353,24.0,74.6,3.108333,1.228215,24.0,70.29,2.92875,1.157255
G and C farms south meter,2026-02-02,offline_or_near_zero,791.18,FRONIUS-e5d4623c-5a06-4b45-b2f0--021,Symo  Advanced 24.0-3 480 (4),,24.0,0.0,0.0,0.0,24.0,132.5,5.520833,1.1723,24.0,133.7,5.570833,1.182917,24.0,133.78,5.574167,1.183624,24.0,124.68,5.195,1.103112,24.0,133.17,5.54875,1.178227,24.0,133.35,5.55625,1.17982
G and C farms south meter,2026-02-03,offline_or_near_zero,722.07,FRONIUS-e5d4623c-5a06-4b45-b2f0--021,Symo  Advanced 24.0-3 480 (4),,24.0,0.0,0.0,0.0,24.0,125.74,5.239167,1.218968,24.0,121.3,5.054167,1.175925,24.0,131.41,5.475417,1.273935,24.0,102.15,4.25625,0.990278,24.0,123.57,5.14875,1.197931,24.0,117.9,4.9125,1.142964
G and C farms south meter,2026-02-04,offline_or_near_zero,610.61,FRONIUS-e5d4623c-5a06-4b45-b2f0--021,Symo  Advanced 24.0-3 480 (4),,24.0,0.0,0.0,0.0,24.0,104.84,4.368333,1.20188,24.0,102.16,4.256667,1.171157,24.0,109.4,4.558333,1.254156,24.0,87.86,3.660833,1.007222,24.0,105.97,4.415417,1.214834,24.0,100.38,4.1825,1.150751
G and C farms south meter,2026-02-05,offline_or_near_zero,922.74,FRONIUS-e5d4623c-5a06-4b45-b2f0--021,Symo  Advanced 24.0-3 480 (4),,24.0,0.0,0.0,0.0,24.0,159.4,6.641667,1.209225,24.0,156.29,6.512083,1.185632,24.0,162.5,6.770833,1.232742,24.0,139.0,5.791667,1.054468,24.0,153.54,6.3975,1.16477,24.0,152.01,6.33375,1.153163
G and C farms south meter,2026-02-06,offline_or_near_zero,692.12,FRONIUS-e5d4623c-5a06-4b45-b2f0--021,Symo  Advanced 24.0-3 480 (4),,24.0,0.0,0.0,0.0,24.0,118.75,4.947917,1.20102,24.0,116.53,4.855417,1.178567,24.0,122.43,5.10125,1.238239,24.0,102.03,4.25125,1.031916,24.0,117.85,4.910417,1.191918,24.0,114.53,4.772083,1.15834
G and C farms south meter,2026-02-07,offline_or_near_zero,631.9,FRONIUS-e5d4623c-5a06-4b45-b2f0--021,Symo  Advanced 24.0-3 480 (4),,24.0,0.0,0.0,0.0,24.0,107.45,4.477083,1.190299,24.0,106.27,4.427917,1.177227,24.0,110.37,4.59875,1.222646,24.0,95.39,3.974583,1.056702,24.0,107.38,4.474167,1.189524,24.0,105.04,4.376667,1.163602
G and C farms south meter,2026-02-08,offline_or_near_zero,567.82,FRONIUS-e5d4623c-5a06-4b45-b2f0--021,Symo  Advanced 24.0-3 480 (4),,24.0,0.0,0.0,0.0,24.0,102.69,4.27875,1.265947,24.0,95.87,3.994583,1.181871,24.0,104.44,4.351667,1.287521,24.0,77.29,3.220417,0.95282,24.0,96.48,4.02,1.189391,24.0,91.05,3.79375,1.122451
G and C farms south meter,2026-02-09,offline_or_near_zero,749.66,FRONIUS-e5d4623c-5a06-4b45-b2f0--021,Symo  Advanced 24.0-3 480 (4),,24.0,0.0,0.0,0.0,24.0,127.91,5.329583,1.194368,24.0,126.58,5.274167,1.181949,24.0,129.01,5.375417,1.204639,24.0,114.81,4.78375,1.072046,24.0,126.65,5.277083,1.182603,24.0,124.7,5.195833,1.164395
G and C farms south meter,2026-02-10,offline_or_near_zero,985.53,FRONIUS-e5d4623c-5a06-4b45-b2f0--021,Symo  Advanced 24.0-3 480 (4),,24.0,0.0,0.0,0.0,24.0,169.52,7.063333,1.204063,24.0,167.29,6.970417,1.188224,24.0,170.0,7.083333,1.207472,24.0,153.57,6.39875,1.090773,24.0,162.38,6.765833,1.153349,24.0,162.77,6.782083,1.156119
G and C farms south meter,2026-02-11,offline_or_near_zero,994.13,FRONIUS-e5d4623c-5a06-4b45-b2f0--021,Symo  Advanced 24.0-3 480 (4),,24.0,0.0,0.0,0.0,24.0,170.96,7.123333,1.203786,24.0,168.73,7.030417,1.188084,24.0,171.41,7.142083,1.206955,24.0,154.7,6.445833,1.089294,24.0,164.22,6.8425,1.156328,24.0,164.11,6.837917,1.155553
G and C farms south meter,2026-02-12,offline_or_near_zero,709.76,FRONIUS-e5d4623c-5a06-4b45-b2f0--021,Symo  Advanced 24.0-3 480 (4),,24.0,0.0,0.0,0.0,24.0,123.29,5.137083,1.215946,24.0,120.11,5.004583,1.184584,24.0,124.21,5.175417,1.22502,24.0,106.88,4.453333,1.054103,24.0,118.56,4.94,1.169297,24.0,116.71,4.862917,1.151051
G and C farms south meter,2026-02-13,offline_or_near_zero,648.14,FRONIUS-e5d4623c-5a06-4b45-b2f0--021,Symo  Advanced 24.0-3 480 (4),,24.0,0.0,0.0,0.0,24.0,111.9,4.6625,1.208535,24.0,109.13,4.547083,1.178619,24.0,113.04,4.71,1.220847,24.0,96.16,4.006667,1.038541,24.0,110.73,4.61375,1.195899,24.0,107.18,4.465833,1.157559
G and C farms south meter,2026-02-14,offline_or_near_zero,867.9,FRONIUS-e5d4623c-5a06-4b45-b2f0--021,Symo  Advanced 24.0-3 480 (4),,24.0,0.0,0.0,0.0,24.0,146.44,6.101667,1.181104,24.0,146.6,6.108333,1.182394,24.0,146.99,6.124583,1.18554,24.0,137.94,5.7475,1.112548,24.0,144.82,6.034167,1.168038,24.0,145.11,6.04625,1.170377
G and C farms south meter,2026-02-15,offline_or_near_zero,1019.25,FRONIUS-e5d4623c-5a06-4b45-b2f0--021,Symo  Advanced 24.0-3 480 (4),,24.0,0.0,0.0,0.0,24.0,173.07,7.21125,1.188609,24.0,172.48,7.186667,1.184557,24.0,173.63,7.234583,1.192455,24.0,161.11,6.712917,1.10647,24.0,169.32,7.055,1.162855,24.0,169.64,7.068333,1.165053
G and C farms south meter,2026-02-16,offline_or_near_zero,709.11,FRONIUS-e5d4623c-5a06-4b45-b2f0--021,Symo  Advanced 24.0-3 480 (4),,24.0,0.0,0.0,0.0,24.0,121.16,5.048333,1.196034,24.0,119.9,4.995833,1.183596,24.0,122.09,5.087083,1.205215,24.0,109.34,4.555833,1.079353,24.0,118.87,4.952917,1.173429,24.0,117.75,4.90625,1.162373
G and C farms south meter,2026-02-17,offline_or_near_zero,226.28,FRONIUS-e5d4623c-5a06-4b45-b2f0--021,Symo  Advanced 24.0-3 480 (4),,24.0,0.0,0.0,0.0,24.0,38.17,1.590417,1.180794,24.0,38.73,1.61375,1.198117,24.0,39.74,1.655833,1.229362,24.0,34.77,1.44875,1.075614,24.0,37.23,1.55125,1.151715,24.0,37.64,1.568333,1.164398
G and C farms south meter,2026-02-18,offline_or_near_zero,874.92,FRONIUS-e5d4623c-5a06-4b45-b2f0--021,Symo  Advanced 24.0-3 480 (4),,24.0,0.0,0.0,0.0,24.0,144.79,6.032917,1.158426,24.0,150.1,6.254167,1.20091,24.0,151.18,6.299167,1.209551,24.0,142.16,5.923333,1.137384,24.0,139.82,5.825833,1.118662,24.0,146.87,6.119583,1.175067
G and C farms south meter,2026-02-19,offline_or_near_zero,894.84,FRONIUS-e5d4623c-5a06-4b45-b2f0--021,Symo  Advanced 24.0-3 480 (4),,24.0,0.0,0.0,0.0,24.0,149.85,6.24375,1.172221,24.0,148.65,6.19375,1.162834,24.0,148.8,6.2,1.164007,24.0,149.9,6.245833,1.172612,24.0,149.35,6.222917,1.168309,24.0,148.29,6.17875,1.160017
G and C farms south meter,2026-02-20,offline_or_near_zero,698.93,FRONIUS-e5d4623c-5a06-4b45-b2f0--021,Symo  Advanced 24.0-3 480 (4),,24.0,0.0,0.0,0.0,24.0,122.5,5.104167,1.226875,24.0,116.84,4.868333,1.170189,24.0,119.37,4.97375,1.195527,24.0,112.51,4.687917,1.126822,24.0,113.23,4.717917,1.134033,24.0,114.48,4.77,1.146553
G and C farms south meter,2026-02-21,offline_or_near_zero,1044.51,FRONIUS-e5d4623c-5a06-4b45-b2f0--021,Symo  Advanced 24.0-3 480 (4),,24.0,0.0,0.0,0.0,24.0,175.29,7.30375,1.174742,24.0,176.23,7.342917,1.181042,24.0,175.57,7.315417,1.176619,24.0,171.16,7.131667,1.147064,24.0,172.07,7.169583,1.153163,24.0,174.19,7.257917,1.16737
G and C farms south meter,2026-02-22,offline_or_near_zero,1068.0,FRONIUS-e5d4623c-5a06-4b45-b2f0--021,Symo  Advanced 24.0-3 480 (4),,24.0,0.0,0.0,0.0,24.0,179.94,7.4975,1.179382,24.0,180.18,7.5075,1.180955,24.0,179.79,7.49125,1.178399,24.0,174.5,7.270833,1.143727,24.0,176.11,7.337917,1.154279,24.0,177.48,7.395,1.163258
G and C farms south meter,2026-02-23,offline_or_near_zero,678.59,FRONIUS-e5d4623c-5a06-4b45-b2f0--021,Symo  Advanced 24.0-3 480 (4),,24.0,0.0,0.0,0.0,24.0,114.84,4.785,1.184633,24.0,113.5,4.729167,1.17081,24.0,115.03,4.792917,1.186593,24.0,110.37,4.59875,1.138523,24.0,112.8,4.7,1.163589,24.0,112.05,4.66875,1.155853
G and C farms south meter,2026-02-24,offline_or_near_zero,911.34,FRONIUS-e5d4623c-5a06-4b45-b2f0--021,Symo  Advanced 24.0-3 480 (4),,24.0,0.0,0.0,0.0,24.0,152.3,6.345833,1.169816,24.0,152.88,6.37,1.174271,24.0,152.19,6.34125,1.168971,24.0,151.07,6.294583,1.160368,24.0,150.35,6.264583,1.154838,24.0,152.55,6.35625,1.171736
G and C farms south meter,2026-02-25,offline_or_near_zero,1017.55,FRONIUS-e5d4623c-5a06-4b45-b2f0--021,Symo  Advanced 24.0-3 480 (4),,24.0,0.0,0.0,0.0,24.0,170.96,7.123333,1.17608,24.0,170.88,7.12,1.175529,24.0,170.56,7.106667,1.173328,24.0,167.27,6.969583,1.150695,24.0,168.44,7.018333,1.158744,24.0,169.44,7.06,1.165623
G and C farms south meter,2026-02-26,offline_or_near_zero,448.57,FRONIUS-e5d4623c-5a06-4b45-b2f0--021,Symo  Advanced 24.0-3 480 (4),,24.0,0.0,0.0,0.0,24.0,76.45,3.185417,1.193013,24.0,73.97,3.082083,1.154313,24.0,75.83,3.159583,1.183338,24.0,72.89,3.037083,1.137459,24.0,76.16,3.173333,1.188488,24.0,73.27,3.052917,1.143389
G and C farms south meter,2026-02-27,offline_or_near_zero,221.6,FRONIUS-e5d4623c-5a06-4b45-b2f0--021,Symo  Advanced 24.0-3 480 (4),,24.0,0.0,0.0,0.0,24.0,38.7,1.6125,1.222473,24.0,37.18,1.549167,1.174458,24.0,37.18,1.549167,1.174458,24.0,36.67,1.527917,1.158348,24.0,36.56,1.523333,1.154874,24.0,35.31,1.47125,1.115388
G and C farms south meter,2026-02-28,offline_or_near_zero,701.28,FRONIUS-e5d4623c-5a06-4b45-b2f0--021,Symo  Advanced 24.0-3 480 (4),,24.0,0.0,0.0,0.0,24.0,99.58,4.149167,0.993982,24.0,124.84,5.201667,1.246121,24.0,124.69,5.195417,1.244624,24.0,100.51,4.187917,1.003265,24.0,118.99,4.957917,1.187728,24.0,132.67,5.527917,1.324278
G and C farms south meter,2026-03-01,offline_or_near_zero,1100.6,FRONIUS-e5d4623c-5a06-4b45-b2f0--021,Symo  Advanced 24.0-3 480 (4),,24.0,0.0,0.0,0.0,24.0,182.17,7.590417,1.158632,24.0,186.62,7.775833,1.186934,24.0,184.82,7.700833,1.175486,24.0,179.66,7.485833,1.142668,24.0,181.75,7.572917,1.15596,24.0,185.58,7.7325,1.18032
G and C farms south meter,2026-03-02,offline_or_near_zero,1074.52,FRONIUS-e5d4623c-5a06-4b45-b2f0--021,Symo  Advanced 24.0-3 480 (4),,24.0,0.0,0.0,0.0,24.0,179.25,7.46875,1.167731,24.0,181.03,7.542917,1.179327,24.0,179.3,7.470833,1.168056,24.0,177.1,7.379167,1.153724,24.0,177.86,7.410833,1.158676,24.0,179.98,7.499167,1.172486
G and C farms south meter,2026-03-03,offline_or_near_zero,382.17,FRONIUS-e5d4623c-5a06-4b45-b2f0--021,Symo  Advanced 24.0-3 480 (4),,24.0,0.0,0.0,0.0,24.0,65.45,2.727083,1.198812,24.0,63.36,2.64,1.160531,24.0,65.72,2.738333,1.203757,24.0,61.02,2.5425,1.11767,24.0,64.28,2.678333,1.177382,24.0,62.34,2.5975,1.141848
G and C farms south meter,2026-03-04,offline_or_near_zero,322.13,FRONIUS-e5d4623c-5a06-4b45-b2f0--021,Symo  Advanced 24.0-3 480 (4),,24.0,0.0,0.0,0.0,24.0,54.86,2.285833,1.192127,24.0,53.31,2.22125,1.158445,24.0,54.91,2.287917,1.193214,24.0,51.67,2.152917,1.122808,24.0,54.7,2.279167,1.188651,24.0,52.68,2.195,1.144755
G and C farms south meter,2026-03-05,offline_or_near_zero,634.88,FRONIUS-e5d4623c-5a06-4b45-b2f0--021,Symo  Advanced 24.0-3 480 (4),,24.0,0.0,0.0,0.0,24.0,106.76,4.448333,1.177104,24.0,106.08,4.42,1.169607,24.0,106.63,4.442917,1.175671,24.0,104.08,4.336667,1.147555,24.0,106.13,4.422083,1.170158,24.0,105.2,4.383333,1.159904
G and C farms south meter,2026-03-06,offline_or_near_zero,1108.08,FRONIUS-e5d4623c-5a06-4b45-b2f0--021,Symo  Advanced 24.0-3 480 (4),,24.0,0.0,0.0,0.0,24.0,184.73,7.697083,1.166983,24.0,186.42,7.7675,1.177659,24.0,184.86,7.7025,1.167804,24.0,183.0,7.625,1.156054,24.0,183.76,7.656667,1.160855,24.0,185.31,7.72125,1.170647
G and C farms south meter,2026-03-07,offline_or_near_zero,956.46,FRONIUS-e5d4623c-5a06-4b45-b2f0--021,Symo  Advanced 24.0-3 480 (4),,24.0,0.0,0.0,0.0,24.0,160.18,6.674167,1.172302,24.0,160.61,6.692083,1.175449,24.0,160.1,6.670833,1.171717,24.0,157.52,6.563333,1.152834,24.0,158.64,6.61,1.161031,24.0,159.41,6.642083,1.166667
G and C farms south meter,2026-03-08,offline_or_near_zero,490.44,FRONIUS-e5d4623c-5a06-4b45-b2f0--021,Symo  Advanced 24.0-3 480 (4),,24.0,0.0,0.0,0.0,24.0,84.83,3.534583,1.21077,24.0,81.69,3.40375,1.165953,24.0,83.59,3.482917,1.193072,24.0,79.26,3.3025,1.13127,24.0,83.27,3.469583,1.188504,24.0,77.8,3.241667,1.110431
G and C farms south meter,2026-03-09,offline_or_near_zero,803.45,FRONIUS-e5d4623c-5a06-4b45-b2f0--021,Symo  Advanced 24.0-3 480 (4),,24.0,0.0,0.0,0.0,24.0,133.21,5.550417,1.160582,24.0,133.23,5.55125,1.160757,24.0,130.35,5.43125,1.135665,24.0,133.6,5.566667,1.16398,24.0,136.78,5.699167,1.191686,24.0,136.28,5.678333,1.18733
G and C farms south meter,2026-03-10,offline_or_near_zero,1110.15,FRONIUS-e5d4623c-5a06-4b45-b2f0--021,Symo  Advanced 24.0-3 480 (4),,24.0,0.0,0.0,0.0,24.0,185.63,7.734583,1.170481,24.0,186.9,7.7875,1.178489,24.0,184.84,7.701667,1.1655,24.0,183.56,7.648333,1.157429,24.0,183.87,7.66125,1.159384,24.0,185.35,7.722917,1.168716
G and C farms south meter,2026-03-11,offline_or_near_zero,1065.55,FRONIUS-e5d4623c-5a06-4b45-b2f0--021,Symo  Advanced 24.0-3 480 (4),,24.0,0.0,0.0,0.0,24.0,177.37,7.390417,1.16521,24.0,179.27,7.469583,1.177692,24.0,177.25,7.385417,1.164422,24.0,176.33,7.347083,1.158378,24.0,176.75,7.364583,1.161137,24.0,178.58,7.440833,1.173159
G and C farms south meter,2026-03-12,offline_or_near_zero,374.39,FRONIUS-e5d4623c-5a06-4b45-b2f0--021,Symo  Advanced 24.0-3 480 (4),,24.0,0.0,0.0,0.0,24.0,66.28,2.761667,1.239243,24.0,62.79,2.61625,1.17399,24.0,55.63,2.317917,1.040119,24.0,63.84,2.66,1.193622,24.0,63.94,2.664167,1.195491,24.0,61.91,2.579583,1.157536
G and C farms south meter,2026-03-13,offline_or_near_zero,814.92,FRONIUS-e5d4623c-5a06-4b45-b2f0--021,Symo  Advanced 24.0-3 480 (4),,24.0,0.0,0.0,0.0,24.0,138.88,5.786667,1.192951,24.0,137.6,5.733333,1.181957,24.0,135.65,5.652083,1.165206,24.0,133.05,5.54375,1.142873,24.0,135.6,5.65,1.164777,24.0,134.14,5.589167,1.152236
G and C farms south meter,2026-03-14,offline_or_near_zero,283.67,FRONIUS-e5d4623c-5a06-4b45-b2f0--021,Symo  Advanced 24.0-3 480 (4),,24.0,0.0,0.0,0.0,24.0,44.8,1.866667,1.10551,24.0,55.16,2.298333,1.361159,24.0,38.76,1.615,0.956463,24.0,41.67,1.73625,1.028272,24.0,40.33,1.680417,0.995206,24.0,62.95,2.622917,1.55339
G and C farms south meter,2026-03-15,offline_or_near_zero,846.63,FRONIUS-e5d4623c-5a06-4b45-b2f0--021,Symo  Advanced 24.0-3 480 (4),,24.0,0.0,0.0,0.0,24.0,121.01,5.042083,1.00052,24.0,168.69,7.02875,1.394742,24.0,137.71,5.737917,1.138597,24.0,119.18,4.965833,0.985389,24.0,128.19,5.34125,1.059884,24.0,171.85,7.160417,1.420869
G and C farms south meter,2026-03-16,offline_or_near_zero,728.03,FRONIUS-e5d4623c-5a06-4b45-b2f0--021,Symo  Advanced 24.0-3 480 (4),,24.0,0.0,0.0,0.0,24.0,102.88,4.286667,0.98919,24.0,127.15,5.297917,1.222546,24.0,131.57,5.482083,1.265044,24.0,108.3,4.5125,1.041303,24.0,126.32,5.263333,1.214565,24.0,131.81,5.492083,1.267352
G and C farms south meter,2026-03-17,offline_or_near_zero,373.28,FRONIUS-e5d4623c-5a06-4b45-b2f0--021,Symo  Advanced 24.0-3 480 (4),,24.0,0.0,0.0,0.0,24.0,63.96,2.665,1.199421,24.0,61.97,2.582083,1.162104,24.0,63.74,2.655833,1.195296,24.0,59.58,2.4825,1.117285,24.0,63.02,2.625833,1.181794,24.0,61.01,2.542083,1.144101
G and C farms south meter,2026-03-18,offline_or_near_zero,838.36,FRONIUS-e5d4623c-5a06-4b45-b2f0--021,Symo  Advanced 24.0-3 480 (4),,24.0,0.0,0.0,0.0,24.0,140.75,5.864583,1.175211,24.0,140.56,5.856667,1.173625,24.0,140.66,5.860833,1.17446,24.0,137.15,5.714583,1.145152,24.0,139.75,5.822917,1.166861,24.0,139.49,5.812083,1.164691
G and C farms south meter,2026-03-19,offline_or_near_zero,852.36,FRONIUS-e5d4623c-5a06-4b45-b2f0--021,Symo  Advanced 24.0-3 480 (4),,24.0,0.0,0.0,0.0,24.0,143.99,5.999583,1.182517,24.0,142.52,5.938333,1.170444,24.0,143.91,5.99625,1.18186,24.0,138.83,5.784583,1.14014,24.0,142.35,5.93125,1.169048,24.0,140.76,5.865,1.15599
G and C farms south meter,2026-03-20,offline_or_near_zero,908.71,FRONIUS-e5d4623c-5a06-4b45-b2f0--021,Symo  Advanced 24.0-3 480 (4),,24.0,0.0,0.0,0.0,24.0,153.15,6.38125,1.179749,24.0,152.45,6.352083,1.174357,24.0,152.83,6.367917,1.177284,24.0,148.56,6.19,1.144392,24.0,151.06,6.294167,1.16365,24.0,150.66,6.2775,1.160568
G and C farms south meter,2026-03-21,offline_or_near_zero,344.38,FRONIUS-e5d4623c-5a06-4b45-b2f0--021,Symo  Advanced 24.0-3 480 (4),,24.0,0.0,0.0,0.0,24.0,59.03,2.459583,1.199866,24.0,57.32,2.388333,1.165108,24.0,58.95,2.45625,1.19824,24.0,54.92,2.288333,1.116325,24.0,57.49,2.395417,1.168564,24.0,56.67,2.36125,1.151896
G and C farms south meter,2026-03-22,offline_or_near_zero,1091.32,FRONIUS-e5d4623c-5a06-4b45-b2f0--021,Symo  Advanced 24.0-3 480 (4),,24.0,0.0,0.0,0.0,24.0,182.61,7.60875,1.171306,24.0,183.39,7.64125,1.176309,24.0,181.92,7.58,1.16688,24.0,179.6,7.483333,1.151999,24.0,181.25,7.552083,1.162583,24.0,182.55,7.60625,1.170921
G and C farms south meter,2026-03-23,offline_or_near_zero,1043.45,FRONIUS-e5d4623c-5a06-4b45-b2f0--021,Symo  Advanced 24.0-3 480 (4),,24.0,0.0,0.0,0.0,24.0,174.4,7.266667,1.169965,24.0,175.25,7.302083,1.175667,24.0,174.29,7.262083,1.169227,24.0,171.95,7.164583,1.153529,24.0,173.25,7.21875,1.16225,24.0,174.31,7.262917,1.169361
G and C farms south meter,2026-03-24,offline_or_near_zero,394.55,FRONIUS-e5d4623c-5a06-4b45-b2f0--021,Symo  Advanced 24.0-3 480 (4),,24.0,0.0,0.0,0.0,24.0,67.35,2.80625,1.194906,24.0,65.28,2.72,1.15818,24.0,67.14,2.7975,1.19118,24.0,64.01,2.667083,1.135648,24.0,66.41,2.767083,1.178228,24.0,64.36,2.681667,1.141858
G and C farms south meter,2026-03-25,offline_or_near_zero,549.3,FRONIUS-e5d4623c-5a06-4b45-b2f0--021,Symo  Advanced 24.0-3 480 (4),,24.0,0.0,0.0,0.0,24.0,93.57,3.89875,1.192409,24.0,91.19,3.799583,1.162079,24.0,92.8,3.866667,1.182596,24.0,89.95,3.747917,1.146277,24.0,91.64,3.818333,1.167814,24.0,90.15,3.75625,1.148826
G and C farms south meter,2026-03-26,offline_or_near_zero,763.13,FRONIUS-e5d4623c-5a06-4b45-b2f0--021,Symo  Advanced 24.0-3 480 (4),,24.0,0.0,0.0,0.0,24.0,108.25,4.510417,0.99295,24.0,137.48,5.728333,1.26107,24.0,139.67,5.819583,1.281158,24.0,111.04,4.626667,1.018542,24.0,128.13,5.33875,1.175304,24.0,138.56,5.773333,1.270976
G and C farms south meter,2026-03-27,offline_or_near_zero,1091.26,FRONIUS-e5d4623c-5a06-4b45-b2f0--021,Symo  Advanced 24.0-3 480 (4),,24.0,0.0,0.0,0.0,24.0,181.01,7.542083,1.161107,24.0,184.97,7.707083,1.186509,24.0,183.7,7.654167,1.178363,24.0,176.83,7.367917,1.134294,24.0,180.09,7.50375,1.155206,24.0,184.66,7.694167,1.184521
G and C farms south meter,2026-03-28,offline_or_near_zero,862.06,FRONIUS-e5d4623c-5a06-4b45-b2f0--021,Symo  Advanced 24.0-3 480 (4),,24.0,0.0,0.0,0.0,24.0,145.6,6.066667,1.182284,24.0,143.86,5.994167,1.168155,24.0,145.19,6.049583,1.178955,24.0,141.01,5.875417,1.145013,24.0,143.99,5.999583,1.169211,24.0,142.41,5.93375,1.156381
G and C farms south meter,2026-03-29,offline_or_near_zero,330.38,FRONIUS-e5d4623c-5a06-4b45-b2f0--021,Symo  Advanced 24.0-3 480 (4),,24.0,0.0,0.0,0.0,24.0,56.42,2.350833,1.195411,24.0,54.56,2.273333,1.156002,24.0,56.12,2.338333,1.189055,24.0,53.42,2.225833,1.131848,24.0,55.87,2.327917,1.183758,24.0,53.99,2.249583,1.143925
G and C farms south meter,2026-03-30,offline_or_near_zero,711.45,FRONIUS-e5d4623c-5a06-4b45-b2f0--021,Symo  Advanced 24.0-3 480 (4),,24.0,0.0,0.0,0.0,24.0,121.41,5.05875,1.19456,24.0,119.83,4.992917,1.179015,24.0,118.78,4.949167,1.168684,24.0,116.66,4.860833,1.147825,24.0,119.24,4.968333,1.17321,24.0,115.53,4.81375,1.136707
G and C farms south meter,2026-03-31,offline_or_near_zero,1222.22,FRONIUS-e5d4623c-5a06-4b45-b2f0--021,Symo  Advanced 24.0-3 480 (4),,24.0,0.0,0.0,0.0,24.0,203.69,8.487083,1.16659,24.0,205.54,8.564167,1.177186,24.0,204.0,8.5,1.168366,24.0,201.38,8.390833,1.15336,24.0,203.04,8.46,1.162868,24.0,204.57,8.52375,1.17163
G and C farms south meter,2026-04-01,offline_or_near_zero,1072.73,FRONIUS-e5d4623c-5a06-4b45-b2f0--021,Symo  Advanced 24.0-3 480 (4),,24.0,0.0,0.0,0.0,24.0,179.38,7.474167,1.170528,24.0,180.37,7.515417,1.176988,24.0,179.3,7.470833,1.170005,24.0,176.66,7.360833,1.152778,24.0,177.92,7.413333,1.161,24.0,179.1,7.4625,1.1687
G and C farms south meter,2026-04-02,offline_or_near_zero,266.5,FRONIUS-e5d4623c-5a06-4b45-b2f0--021,Symo  Advanced 24.0-3 480 (4),,24.0,0.0,0.0,0.0,24.0,45.31,1.887917,1.190131,24.0,43.83,1.82625,1.151257,24.0,45.6,1.9,1.197749,24.0,43.07,1.794583,1.131295,24.0,44.97,1.87375,1.181201,24.0,43.72,1.821667,1.148368
G and C farms south meter,2026-04-03,offline_or_near_zero,886.49,FRONIUS-e5d4623c-5a06-4b45-b2f0--021,Symo  Advanced 24.0-3 480 (4),,24.0,0.0,0.0,0.0,24.0,148.53,6.18875,1.172839,24.0,148.3,6.179167,1.171023,24.0,148.46,6.185833,1.172286,24.0,145.97,6.082083,1.152624,24.0,147.87,6.16125,1.167627,24.0,147.36,6.14,1.1636
G and C farms south meter,2026-04-04,offline_or_near_zero,1185.5,FRONIUS-e5d4623c-5a06-4b45-b2f0--021,Symo  Advanced 24.0-3 480 (4),,24.0,0.0,0.0,0.0,24.0,197.63,8.234583,1.166942,24.0,199.13,8.297083,1.175799,24.0,197.3,8.220833,1.164994,24.0,195.89,8.162083,1.156668,24.0,197.0,8.208333,1.163222,24.0,198.55,8.272917,1.172375
G and C farms south meter,2026-04-05,offline_or_near_zero,508.42,FRONIUS-e5d4623c-5a06-4b45-b2f0--021,Symo  Advanced 24.0-3 480 (4),,24.0,0.0,0.0,0.0,24.0,86.57,3.607083,1.191908,24.0,84.0,3.5,1.156524,24.0,86.25,3.59375,1.187502,24.0,82.71,3.44625,1.138763,24.0,85.71,3.57125,1.180068,24.0,83.18,3.465833,1.145234
G and C farms south meter,2026-04-06,offline_or_near_zero,985.43,FRONIUS-e5d4623c-5a06-4b45-b2f0--021,Symo  Advanced 24.0-3 480 (4),,24.0,0.0,0.0,0.0,24.0,165.13,6.880417,1.173001,24.0,165.12,6.88,1.17293,24.0,164.89,6.870417,1.171296,24.0,162.05,6.752083,1.151122,24.0,164.05,6.835417,1.165329,24.0,164.19,6.84125,1.166323
G and C farms south meter,2026-04-07,offline_or_near_zero,581.37,FRONIUS-e5d4623c-5a06-4b45-b2f0--021,Symo  Advanced 24.0-3 480 (4),,24.0,0.0,0.0,0.0,24.0,100.38,4.1825,1.208628,24.0,95.35,3.972917,1.148064,24.0,96.85,4.035417,1.166125,24.0,96.1,4.004167,1.157094,24.0,98.61,4.10875,1.187316,24.0,94.08,3.92,1.132773
G and C farms south meter,2026-04-08,offline_or_near_zero,1113.65,FRONIUS-e5d4623c-5a06-4b45-b2f0--021,Symo  Advanced 24.0-3 480 (4),,24.0,0.0,0.0,0.0,24.0,185.98,7.749167,1.169003,24.0,187.57,7.815417,1.178997,24.0,185.45,7.727083,1.165671,24.0,184.06,7.669167,1.156934,24.0,184.63,7.692917,1.160517,24.0,185.96,7.748333,1.168877
G and C farms south meter,2026-04-09,offline_or_near_zero,1011.84,FRONIUS-e5d4623c-5a06-4b45-b2f0--021,Symo  Advanced 24.0-3 480 (4),,24.0,0.0,0.0,0.0,24.0,170.02,7.084167,1.176214,24.0,169.17,7.04875,1.170333,24.0,170.03,7.084583,1.176283,24.0,165.75,6.90625,1.146673,24.0,169.07,7.044583,1.169641,24.0,167.8,6.991667,1.160855
G and C farms south meter,2026-04-10,offline_or_near_zero,1254.5,FRONIUS-e5d4623c-5a06-4b45-b2f0--021,Symo  Advanced 24.0-3 480 (4),,24.0,0.0,0.0,0.0,24.0,209.06,8.710833,1.166536,24.0,210.91,8.787917,1.176859,24.0,209.04,8.71,1.166425,24.0,207.07,8.627917,1.155432,24.0,208.45,8.685417,1.163133,24.0,209.97,8.74875,1.171614
G and C farms south meter,2026-04-11,offline_or_near_zero,882.04,FRONIUS-e5d4623c-5a06-4b45-b2f0--021,Symo  Advanced 24.0-3 480 (4),,24.0,0.0,0.0,0.0,24.0,149.82,6.2425,1.188994,24.0,146.71,6.112917,1.164312,24.0,149.86,6.244167,1.189311,24.0,143.6,5.983333,1.139631,24.0,147.63,6.15125,1.171614,24.0,144.42,6.0175,1.146138
G and C farms south meter,2026-04-12,offline_or_near_zero,350.29,FRONIUS-e5d4623c-5a06-4b45-b2f0--021,Symo  Advanced 24.0-3 480 (4),,24.0,0.0,0.0,0.0,24.0,59.66,2.485833,1.192212,24.0,57.02,2.375833,1.139456,24.0,59.78,2.490833,1.19461,24.0,56.93,2.372083,1.137657,24.0,59.32,2.471667,1.185418,24.0,57.58,2.399167,1.150647
G and C farms south meter,2026-04-13,offline_or_near_zero,1086.54,FRONIUS-e5d4623c-5a06-4b45-b2f0--021,Symo  Advanced 24.0-3 480 (4),,24.0,0.0,0.0,0.0,24.0,181.3,7.554167,1.16802,24.0,182.61,7.60875,1.176459,24.0,181.34,7.555833,1.168277,24.0,179.12,7.463333,1.153975,24.0,180.49,7.520417,1.162801,24.0,181.68,7.57,1.170468
G and C farms south meter,2026-04-14,offline_or_near_zero,1144.43,FRONIUS-e5d4623c-5a06-4b45-b2f0--021,Symo  Advanced 24.0-3 480 (4),,24.0,0.0,0.0,0.0,24.0,196.91,8.204583,1.204416,24.0,180.87,7.53625,1.106306,24.0,179.25,7.46875,1.096397,24.0,195.35,8.139583,1.194874,24.0,196.23,8.17625,1.200257,24.0,195.82,8.159167,1.197749
G and C farms south meter,2026-04-15,Normal,749.99,,,,24.0,54.69,2.27875,0.510447,24.0,137.08,5.711667,1.27943,24.0,132.04,5.501667,1.23239,24.0,136.77,5.69875,1.276537,24.0,132.81,5.53375,1.239577,24.0,121.33,5.055417,1.132428,24.0,35.27,1.469583,0.329191
G and C farms south meter,2026-04-16,Normal,363.34,,,,24.0,57.16,2.381667,1.101228,24.0,57.53,2.397083,1.108356,24.0,42.76,1.781667,0.823801,24.0,48.6,2.025,0.936313,24.0,57.29,2.387083,1.103732,24.0,50.89,2.120417,0.980432,24.0,49.11,2.04625,0.946139
G and C farms south meter,2026-04-17,Normal,1116.66,,,,24.0,161.92,6.746667,1.015027,24.0,163.71,6.82125,1.026248,24.0,149.3,6.220833,0.935916,24.0,158.53,6.605417,0.993776,24.0,162.1,6.754167,1.016155,24.0,159.39,6.64125,0.999167,24.0,161.71,6.737917,1.013711
G and C farms south meter,2026-04-18,Normal,1476.09,,,,24.0,211.25,8.802083,1.001802,24.0,212.17,8.840417,1.006165,24.0,204.66,8.5275,0.970551,24.0,211.73,8.822083,1.004078,24.0,210.86,8.785833,0.999953,24.0,211.35,8.80625,1.002276,24.0,214.07,8.919583,1.015175
G and C farms south meter,2026-04-19,Normal,1455.18,,,,24.0,208.32,8.68,1.002103,24.0,209.24,8.718333,1.006528,24.0,201.19,8.382917,0.967805,24.0,209.01,8.70875,1.005422,24.0,207.95,8.664583,1.000323,24.0,208.54,8.689167,1.003161,24.0,210.93,8.78875,1.014658
G and C farms south meter,2026-04-20,Normal,1461.1,,,,24.0,209.09,8.712083,1.001732,24.0,209.92,8.746667,1.005708,24.0,202.64,8.443333,0.97083,24.0,209.79,8.74125,1.005085,24.0,208.74,8.6975,1.000055,24.0,209.12,8.713333,1.001875,24.0,211.8,8.825,1.014715
G and C farms south meter,2026-04-21,Normal,1478.57,,,,24.0,211.72,8.821667,1.002347,24.0,212.76,8.865,1.007271,24.0,204.14,8.505833,0.966461,24.0,212.44,8.851667,1.005756,24.0,211.36,8.806667,1.000643,24.0,211.82,8.825833,1.00282,24.0,214.33,8.930417,1.014703
G and C farms south meter,2026-04-22,Normal,1326.75,,,,24.0,189.98,7.915833,1.002344,24.0,190.81,7.950417,1.006723,24.0,183.21,7.63375,0.966625,24.0,190.81,7.950417,1.006723,24.0,189.47,7.894583,0.999653,24.0,190.1,7.920833,1.002977,24.0,192.37,8.015417,1.014954
G and C farms south meter,2026-04-23,Normal,1176.52,,,,24.0,169.39,7.057917,1.007828,24.0,172.4,7.183333,1.025737,24.0,155.0,6.458333,0.922211,24.0,171.36,7.14,1.019549,24.0,168.67,7.027917,1.003544,24.0,169.54,7.064167,1.008721,24.0,170.16,7.09,1.012409
G and C farms south meter,2026-04-24,Normal,1242.42,,,,24.0,185.57,7.732083,1.045532,24.0,180.62,7.525833,1.017643,24.0,176.12,7.338333,0.992289,24.0,174.4,7.266667,0.982598,24.0,182.22,7.5925,1.026658,24.0,160.61,6.692083,0.904903,24.0,182.88,7.62,1.030376
