site_name,date,status,site_total_kwh,incident_id,focus_inverter_name,Symo  24.0-3 480 (1) (31554A)__rated_kw,Symo  24.0-3 480 (1) (31554A)__daily_energy_kwh,Symo  24.0-3 480 (1) (31554A)__specific_yield_kwh_per_kw,Symo  24.0-3 480 (1) (31554A)__relative_specific_yield_vs_site_avg,Symo  24.0-3 480 (5) (315554)__rated_kw,Symo  24.0-3 480 (5) (315554)__daily_energy_kwh,Symo  24.0-3 480 (5) (315554)__specific_yield_kwh_per_kw,Symo  24.0-3 480 (5) (315554)__relative_specific_yield_vs_site_avg,Symo  24.0-3 480 (6) (315562)__rated_kw,Symo  24.0-3 480 (6) (315562)__daily_energy_kwh,Symo  24.0-3 480 (6) (315562)__specific_yield_kwh_per_kw,Symo  24.0-3 480 (6) (315562)__relative_specific_yield_vs_site_avg,Symo  24.0-3 480 (8) (315583)__rated_kw,Symo  24.0-3 480 (8) (315583)__daily_energy_kwh,Symo  24.0-3 480 (8) (315583)__specific_yield_kwh_per_kw,Symo  24.0-3 480 (8) (315583)__relative_specific_yield_vs_site_avg,Symo 24.0-3 480 (7) (315570)__rated_kw,Symo 24.0-3 480 (7) (315570)__daily_energy_kwh,Symo 24.0-3 480 (7) (315570)__specific_yield_kwh_per_kw,Symo 24.0-3 480 (7) (315570)__relative_specific_yield_vs_site_avg
Penner Farms - 33-8-13 pump (site 3),2022-05-22,Normal,874.7,,,24.0,138.12,5.755,0.789528,24.0,186.48,7.77,1.065965,24.0,179.21,7.467083,1.024408,24.0,186.04,7.751667,1.06345,24.0,184.85,7.702083,1.056648
Penner Farms - 33-8-13 pump (site 3),2022-05-23,Normal,868.55,,,24.0,139.39,5.807917,0.802429,24.0,183.31,7.637917,1.055265,24.0,181.46,7.560833,1.044615,24.0,182.67,7.61125,1.05158,24.0,181.72,7.571667,1.046111
Penner Farms - 33-8-13 pump (site 3),2022-05-24,Normal,812.46,,,24.0,153.79,6.407917,0.946447,24.0,165.47,6.894583,1.018327,24.0,163.89,6.82875,1.008604,24.0,165.06,6.8775,1.015804,24.0,164.25,6.84375,1.010819
Penner Farms - 33-8-13 pump (site 3),2022-05-25,Normal,845.87,,,24.0,169.13,7.047083,0.99974,24.0,170.2,7.091667,1.006065,24.0,168.24,7.01,0.994479,24.0,169.67,7.069583,1.002932,24.0,168.63,7.02625,0.996784
Penner Farms - 33-8-13 pump (site 3),2022-05-26,Normal,847.96,,,24.0,169.69,7.070417,1.000578,24.0,170.51,7.104583,1.005413,24.0,168.66,7.0275,0.994504,24.0,170.05,7.085417,1.002701,24.0,169.05,7.04375,0.996804
Penner Farms - 33-8-13 pump (site 3),2022-05-27,Normal,714.85,,,24.0,142.73,5.947083,0.998321,24.0,143.46,5.9775,1.003427,24.0,142.44,5.935,0.996293,24.0,143.34,5.9725,1.002588,24.0,142.88,5.953333,0.99937
Penner Farms - 33-8-13 pump (site 3),2022-05-28,Normal,649.24,,,24.0,109.75,4.572917,0.845219,24.0,135.56,5.648333,1.04399,24.0,134.23,5.592917,1.033747,24.0,135.32,5.638333,1.042142,24.0,134.38,5.599167,1.034902
Penner Farms - 33-8-13 pump (site 3),2022-05-29,Normal,413.22,,,24.0,71.23,2.967917,0.86189,24.0,85.77,3.57375,1.037825,24.0,85.03,3.542917,1.028871,24.0,85.86,3.5775,1.038914,24.0,85.33,3.555417,1.032501
Penner Farms - 33-8-13 pump (site 3),2022-05-30,Normal,462.71,,,24.0,92.49,3.85375,0.999438,24.0,93.07,3.877917,1.005706,24.0,92.08,3.836667,0.995008,24.0,92.86,3.869167,1.003436,24.0,92.21,3.842083,0.996412
Penner Farms - 33-8-13 pump (site 3),2022-05-31,Normal,896.82,,,24.0,197.51,8.229583,1.101169,24.0,198.28,8.261667,1.105462,24.0,105.89,4.412083,0.590364,24.0,198.17,8.257083,1.104848,24.0,196.97,8.207083,1.098158
Penner Farms - 33-8-13 pump (site 3),2022-06-01,offline_or_near_zero,719.79,FRONIUS-a93e4e65-6f50-4a8f-a7e3--G001,"Symo  24.0-3 480 (5) (315554), Symo  24.0-3 480 (6) (315562)",24.0,179.6,7.483333,1.247586,24.0,180.63,7.52625,1.254741,24.0,0.0,0.0,0.0,24.0,180.46,7.519167,1.25356,24.0,179.1,7.4625,1.244113
Penner Farms - 33-8-13 pump (site 3),2022-06-02,offline_or_near_zero,801.42,FRONIUS-a93e4e65-6f50-4a8f-a7e3--G001,"Symo  24.0-3 480 (5) (315554), Symo  24.0-3 480 (6) (315562)",24.0,200.57,8.357083,1.251341,24.0,201.33,8.38875,1.256083,24.0,0.0,0.0,0.0,24.0,200.72,8.363333,1.252277,24.0,198.8,8.283333,1.240298
Penner Farms - 33-8-13 pump (site 3),2022-06-03,offline_or_near_zero,434.47,FRONIUS-a93e4e65-6f50-4a8f-a7e3--G001,"Symo  24.0-3 480 (5) (315554), Symo  24.0-3 480 (6) (315562)",24.0,108.67,4.527917,1.250604,24.0,109.31,4.554583,1.257969,24.0,0.0,0.0,0.0,24.0,109.02,4.5425,1.254632,24.0,107.47,4.477917,1.236794
Penner Farms - 33-8-13 pump (site 3),2022-06-04,offline_or_near_zero,389.1,FRONIUS-a93e4e65-6f50-4a8f-a7e3--G001,"Symo  24.0-3 480 (5) (315554), Symo  24.0-3 480 (6) (315562)",24.0,97.43,4.059583,1.251992,24.0,97.99,4.082917,1.259188,24.0,0.0,0.0,0.0,24.0,97.55,4.064583,1.253534,24.0,96.13,4.005417,1.235287
Penner Farms - 33-8-13 pump (site 3),2022-06-05,offline_or_near_zero,489.91,FRONIUS-a93e4e65-6f50-4a8f-a7e3--G001,"Symo  24.0-3 480 (5) (315554), Symo  24.0-3 480 (6) (315562)",24.0,122.56,5.106667,1.250842,24.0,123.22,5.134167,1.257578,24.0,0.0,0.0,0.0,24.0,122.56,5.106667,1.250842,24.0,121.57,5.065417,1.240738
Penner Farms - 33-8-13 pump (site 3),2022-06-06,offline_or_near_zero,504.32,FRONIUS-a93e4e65-6f50-4a8f-a7e3--G001,"Symo  24.0-3 480 (5) (315554), Symo  24.0-3 480 (6) (315562)",24.0,126.01,5.250417,1.249306,24.0,126.85,5.285417,1.257634,24.0,0.0,0.0,0.0,24.0,126.34,5.264167,1.252578,24.0,125.12,5.213333,1.240482
Penner Farms - 33-8-13 pump (site 3),2022-06-07,offline_or_near_zero,318.12,FRONIUS-a93e4e65-6f50-4a8f-a7e3--G001,"Symo  24.0-3 480 (5) (315554), Symo  24.0-3 480 (6) (315562)",24.0,79.54,3.314167,1.250157,24.0,80.5,3.354167,1.265246,24.0,0.0,0.0,0.0,24.0,79.47,3.31125,1.249057,24.0,78.61,3.275417,1.23554
Penner Farms - 33-8-13 pump (site 3),2022-06-08,offline_or_near_zero,550.64,FRONIUS-a93e4e65-6f50-4a8f-a7e3--G001,"Symo  24.0-3 480 (5) (315554), Symo  24.0-3 480 (6) (315562)",24.0,137.37,5.72375,1.247367,24.0,138.94,5.789167,1.261623,24.0,0.0,0.0,0.0,24.0,138.18,5.7575,1.254722,24.0,136.15,5.672917,1.236289
Penner Farms - 33-8-13 pump (site 3),2022-06-09,offline_or_near_zero,679.75,FRONIUS-a93e4e65-6f50-4a8f-a7e3--G001,"Symo  24.0-3 480 (5) (315554), Symo  24.0-3 480 (6) (315562)",24.0,169.74,7.0725,1.248547,24.0,170.74,7.114167,1.255903,24.0,0.0,0.0,0.0,24.0,170.71,7.112917,1.255682,24.0,168.56,7.023333,1.239868
Penner Farms - 33-8-13 pump (site 3),2022-06-10,offline_or_near_zero,678.91,FRONIUS-a93e4e65-6f50-4a8f-a7e3--G001,"Symo  24.0-3 480 (5) (315554), Symo  24.0-3 480 (6) (315562)",24.0,159.22,6.634167,1.172615,24.0,173.94,7.2475,1.281024,24.0,0.0,0.0,0.0,24.0,173.65,7.235417,1.278888,24.0,172.1,7.170833,1.267473
Penner Farms - 33-8-13 pump (site 3),2022-06-11,offline_or_near_zero,649.11,FRONIUS-a93e4e65-6f50-4a8f-a7e3--G001,"Symo  24.0-3 480 (5) (315554), Symo  24.0-3 480 (6) (315562)",24.0,159.36,6.64,1.227527,24.0,163.84,6.826667,1.262036,24.0,0.0,0.0,0.0,24.0,163.51,6.812917,1.259494,24.0,162.4,6.766667,1.250944
Penner Farms - 33-8-13 pump (site 3),2022-06-12,offline_or_near_zero,737.11,FRONIUS-a93e4e65-6f50-4a8f-a7e3--G001,"Symo  24.0-3 480 (5) (315554), Symo  24.0-3 480 (6) (315562)",24.0,184.2,7.675,1.249474,24.0,184.98,7.7075,1.254765,24.0,0.0,0.0,0.0,24.0,184.71,7.69625,1.252934,24.0,183.22,7.634167,1.242827
Penner Farms - 33-8-13 pump (site 3),2022-06-13,offline_or_near_zero,256.11,FRONIUS-a93e4e65-6f50-4a8f-a7e3--G001,"Symo  24.0-3 480 (5) (315554), Symo  24.0-3 480 (6) (315562)",24.0,63.81,2.65875,1.245754,24.0,64.68,2.695,1.262739,24.0,0.0,0.0,0.0,24.0,64.13,2.672083,1.252001,24.0,63.49,2.645417,1.239506
Penner Farms - 33-8-13 pump (site 3),2022-06-14,offline_or_near_zero,222.23,FRONIUS-a93e4e65-6f50-4a8f-a7e3--G001,"Symo  24.0-3 480 (5) (315554), Symo  24.0-3 480 (6) (315562)",24.0,55.5,2.3125,1.248706,24.0,56.11,2.337917,1.262431,24.0,0.0,0.0,0.0,24.0,55.6,2.316667,1.250956,24.0,55.02,2.2925,1.237907
Penner Farms - 33-8-13 pump (site 3),2022-06-15,offline_or_near_zero,275.45,FRONIUS-a93e4e65-6f50-4a8f-a7e3--G001,"Symo  24.0-3 480 (5) (315554), Symo  24.0-3 480 (6) (315562)",24.0,68.72,2.863333,1.247413,24.0,69.53,2.897083,1.262117,24.0,0.0,0.0,0.0,24.0,69.06,2.8775,1.253585,24.0,68.14,2.839167,1.236885
Penner Farms - 33-8-13 pump (site 3),2022-06-16,offline_or_near_zero,713.98,FRONIUS-a93e4e65-6f50-4a8f-a7e3--G001,"Symo  24.0-3 480 (5) (315554), Symo  24.0-3 480 (6) (315562)",24.0,174.39,7.26625,1.221253,24.0,180.88,7.536667,1.266702,24.0,0.0,0.0,0.0,24.0,180.35,7.514583,1.262991,24.0,178.36,7.431667,1.249055
Penner Farms - 33-8-13 pump (site 3),2022-06-17,offline_or_near_zero,705.38,FRONIUS-a93e4e65-6f50-4a8f-a7e3--G001,"Symo  24.0-3 480 (5) (315554), Symo  24.0-3 480 (6) (315562)",24.0,176.34,7.3475,1.249965,24.0,176.91,7.37125,1.254005,24.0,0.0,0.0,0.0,24.0,176.88,7.37,1.253792,24.0,175.25,7.302083,1.242238
Penner Farms - 33-8-13 pump (site 3),2022-06-18,offline_or_near_zero,527.18,FRONIUS-a93e4e65-6f50-4a8f-a7e3--G001,"Symo  24.0-3 480 (5) (315554), Symo  24.0-3 480 (6) (315562)",24.0,131.98,5.499167,1.251755,24.0,132.32,5.513333,1.254979,24.0,0.0,0.0,0.0,24.0,131.95,5.497917,1.25147,24.0,130.93,5.455417,1.241796
Penner Farms - 33-8-13 pump (site 3),2022-06-19,offline_or_near_zero,458.65,FRONIUS-a93e4e65-6f50-4a8f-a7e3--G001,"Symo  24.0-3 480 (5) (315554), Symo  24.0-3 480 (6) (315562)",24.0,114.54,4.7725,1.248665,24.0,115.36,4.806667,1.257604,24.0,0.0,0.0,0.0,24.0,114.94,4.789167,1.253025,24.0,113.81,4.742083,1.240706
Penner Farms - 33-8-13 pump (site 3),2022-06-20,offline_or_near_zero,126.73,FRONIUS-a93e4e65-6f50-4a8f-a7e3--G001,"Symo  24.0-3 480 (5) (315554), Symo  24.0-3 480 (6) (315562)",24.0,31.66,1.319167,1.249112,24.0,32.0,1.333333,1.262527,24.0,0.0,0.0,0.0,24.0,31.8,1.325,1.254636,24.0,31.27,1.302917,1.233725
Penner Farms - 33-8-13 pump (site 3),2022-06-21,offline_or_near_zero,775.35,FRONIUS-a93e4e65-6f50-4a8f-a7e3--G001,"Symo  24.0-3 480 (5) (315554), Symo  24.0-3 480 (6) (315562)",24.0,193.42,8.059167,1.247308,24.0,194.93,8.122083,1.257045,24.0,0.0,0.0,0.0,24.0,194.41,8.100417,1.253692,24.0,192.59,8.024583,1.241955
Penner Farms - 33-8-13 pump (site 3),2022-06-22,offline_or_near_zero,825.17,FRONIUS-a93e4e65-6f50-4a8f-a7e3--G001,"Symo  24.0-3 480 (5) (315554), Symo  24.0-3 480 (6) (315562)",24.0,205.99,8.582917,1.248167,24.0,207.38,8.640833,1.25659,24.0,0.0,0.0,0.0,24.0,206.79,8.61625,1.253015,24.0,205.01,8.542083,1.242229
Penner Farms - 33-8-13 pump (site 3),2022-06-23,offline_or_near_zero,761.84,FRONIUS-a93e4e65-6f50-4a8f-a7e3--G001,"Symo  24.0-3 480 (5) (315554), Symo  24.0-3 480 (6) (315562)",24.0,183.73,7.655417,1.205831,24.0,193.32,8.055,1.26877,24.0,0.0,0.0,0.0,24.0,193.32,8.055,1.26877,24.0,191.47,7.977917,1.256629
Penner Farms - 33-8-13 pump (site 3),2022-06-24,offline_or_near_zero,221.02,FRONIUS-a93e4e65-6f50-4a8f-a7e3--G001,"Symo  24.0-3 480 (5) (315554), Symo  24.0-3 480 (6) (315562)",24.0,43.02,1.7925,0.973215,24.0,43.31,1.804583,0.979776,24.0,0.0,0.0,0.0,24.0,91.99,3.832917,2.081033,24.0,42.7,1.779167,0.965976
Penner Farms - 33-8-13 pump (site 3),2022-06-25,offline_or_near_zero,813.4,FRONIUS-a93e4e65-6f50-4a8f-a7e3--G001,"Symo  24.0-3 480 (5) (315554), Symo  24.0-3 480 (6) (315562)",24.0,202.97,8.457083,1.247664,24.0,204.19,8.507917,1.255164,24.0,0.0,0.0,0.0,24.0,204.04,8.501667,1.254241,24.0,202.2,8.425,1.242931
Penner Farms - 33-8-13 pump (site 3),2022-06-26,offline_or_near_zero,810.38,FRONIUS-a93e4e65-6f50-4a8f-a7e3--G001,"Symo  24.0-3 480 (5) (315554), Symo  24.0-3 480 (6) (315562)",24.0,202.67,8.444583,1.250463,24.0,203.62,8.484167,1.256324,24.0,0.0,0.0,0.0,24.0,203.23,8.467917,1.253918,24.0,200.86,8.369167,1.239295
Penner Farms - 33-8-13 pump (site 3),2022-06-27,offline_or_near_zero,797.01,FRONIUS-a93e4e65-6f50-4a8f-a7e3--G001,"Symo  24.0-3 480 (5) (315554), Symo  24.0-3 480 (6) (315562)",24.0,199.93,8.330417,1.25425,24.0,200.23,8.342917,1.256132,24.0,0.0,0.0,0.0,24.0,199.98,8.3325,1.254564,24.0,196.87,8.202917,1.235054
Penner Farms - 33-8-13 pump (site 3),2022-06-28,offline_or_near_zero,719.27,FRONIUS-a93e4e65-6f50-4a8f-a7e3--G001,"Symo  24.0-3 480 (5) (315554), Symo  24.0-3 480 (6) (315562)",24.0,180.25,7.510417,1.253007,24.0,180.61,7.525417,1.255509,24.0,0.0,0.0,0.0,24.0,180.52,7.521667,1.254883,24.0,177.89,7.412083,1.236601
Penner Farms - 33-8-13 pump (site 3),2022-06-29,offline_or_near_zero,795.75,FRONIUS-a93e4e65-6f50-4a8f-a7e3--G001,"Symo  24.0-3 480 (5) (315554), Symo  24.0-3 480 (6) (315562)",24.0,198.87,8.28625,1.249576,24.0,199.51,8.312917,1.253597,24.0,0.0,0.0,0.0,24.0,199.53,8.31375,1.253723,24.0,197.84,8.243333,1.243104
Penner Farms - 33-8-13 pump (site 3),2022-06-30,offline_or_near_zero,717.36,FRONIUS-a93e4e65-6f50-4a8f-a7e3--G001,"Symo  24.0-3 480 (5) (315554), Symo  24.0-3 480 (6) (315562)",24.0,179.39,7.474583,1.250349,24.0,179.76,7.49,1.252927,24.0,0.0,0.0,0.0,24.0,180.0,7.5,1.2546,24.0,178.21,7.425417,1.242124
Penner Farms - 33-8-13 pump (site 3),2022-07-01,offline_or_near_zero,786.0,FRONIUS-a93e4e65-6f50-4a8f-a7e3--G001,"Symo  24.0-3 480 (5) (315554), Symo  24.0-3 480 (6) (315562)",24.0,196.9,8.204167,1.252545,24.0,197.85,8.24375,1.258588,24.0,0.0,0.0,0.0,24.0,197.11,8.212917,1.25388,24.0,194.14,8.089167,1.234987
Penner Farms - 33-8-13 pump (site 3),2022-07-02,offline_or_near_zero,718.73,FRONIUS-a93e4e65-6f50-4a8f-a7e3--G001,"Symo  24.0-3 480 (5) (315554), Symo  24.0-3 480 (6) (315562)",24.0,179.48,7.478333,1.248591,24.0,180.46,7.519167,1.255409,24.0,0.0,0.0,0.0,24.0,180.05,7.502083,1.252557,24.0,178.74,7.4475,1.243443
Penner Farms - 33-8-13 pump (site 3),2022-07-03,offline_or_near_zero,171.08,FRONIUS-a93e4e65-6f50-4a8f-a7e3--G001,"Symo  24.0-3 480 (5) (315554), Symo  24.0-3 480 (6) (315562)",24.0,42.79,1.782917,1.250585,24.0,43.21,1.800417,1.262859,24.0,0.0,0.0,0.0,24.0,42.86,1.785833,1.25263,24.0,42.22,1.759167,1.233926
Penner Farms - 33-8-13 pump (site 3),2022-07-04,offline_or_near_zero,415.12,FRONIUS-a93e4e65-6f50-4a8f-a7e3--G001,"Symo  24.0-3 480 (5) (315554), Symo  24.0-3 480 (6) (315562)",24.0,103.81,4.325417,1.250361,24.0,104.86,4.369167,1.263008,24.0,0.0,0.0,0.0,24.0,103.71,4.32125,1.249157,24.0,102.74,4.280833,1.237474
Penner Farms - 33-8-13 pump (site 3),2022-07-05,offline_or_near_zero,689.21,FRONIUS-a93e4e65-6f50-4a8f-a7e3--G001,"Symo  24.0-3 480 (5) (315554), Symo  24.0-3 480 (6) (315562)",24.0,171.7,7.154167,1.245629,24.0,173.63,7.234583,1.259631,24.0,0.0,0.0,0.0,24.0,173.05,7.210417,1.255423,24.0,170.83,7.117917,1.239317
Penner Farms - 33-8-13 pump (site 3),2022-07-06,offline_or_near_zero,725.81,FRONIUS-a93e4e65-6f50-4a8f-a7e3--G001,"Symo  24.0-3 480 (5) (315554), Symo  24.0-3 480 (6) (315562)",24.0,181.84,7.576667,1.252669,24.0,182.18,7.590833,1.255012,24.0,0.0,0.0,0.0,24.0,181.54,7.564167,1.250603,24.0,180.25,7.510417,1.241716
Penner Farms - 33-8-13 pump (site 3),2022-07-07,offline_or_near_zero,605.29,FRONIUS-a93e4e65-6f50-4a8f-a7e3--G001,"Symo  24.0-3 480 (5) (315554), Symo  24.0-3 480 (6) (315562)",24.0,152.06,6.335833,1.256092,24.0,152.29,6.345417,1.257992,24.0,0.0,0.0,0.0,24.0,151.62,6.3175,1.252457,24.0,149.32,6.221667,1.233458
Penner Farms - 33-8-13 pump (site 3),2022-07-08,offline_or_near_zero,727.31,FRONIUS-a93e4e65-6f50-4a8f-a7e3--G001,"Symo  24.0-3 480 (5) (315554), Symo  24.0-3 480 (6) (315562)",24.0,181.79,7.574583,1.249742,24.0,182.86,7.619167,1.257098,24.0,0.0,0.0,0.0,24.0,182.39,7.599583,1.253867,24.0,180.27,7.51125,1.239293
Penner Farms - 33-8-13 pump (site 3),2022-07-09,offline_or_near_zero,745.19,FRONIUS-a93e4e65-6f50-4a8f-a7e3--G001,"Symo  24.0-3 480 (5) (315554), Symo  24.0-3 480 (6) (315562)",24.0,186.12,7.755,1.248809,24.0,187.15,7.797917,1.25572,24.0,0.0,0.0,0.0,24.0,186.87,7.78625,1.253841,24.0,185.05,7.710417,1.24163
Penner Farms - 33-8-13 pump (site 3),2022-07-10,offline_or_near_zero,555.84,FRONIUS-a93e4e65-6f50-4a8f-a7e3--G001,"Symo  24.0-3 480 (5) (315554), Symo  24.0-3 480 (6) (315562)",24.0,138.94,5.789167,1.24982,24.0,139.83,5.82625,1.257826,24.0,0.0,0.0,0.0,24.0,139.43,5.809583,1.254228,24.0,137.64,5.735,1.238126
Penner Farms - 33-8-13 pump (site 3),2022-07-11,offline_or_near_zero,787.19,FRONIUS-a93e4e65-6f50-4a8f-a7e3--G001,"Symo  24.0-3 480 (5) (315554), Symo  24.0-3 480 (6) (315562)",24.0,196.71,8.19625,1.249444,24.0,197.82,8.2425,1.256495,24.0,0.0,0.0,0.0,24.0,197.36,8.223333,1.253573,24.0,195.3,8.1375,1.240488
Penner Farms - 33-8-13 pump (site 3),2022-07-12,offline_or_near_zero,775.39,FRONIUS-a93e4e65-6f50-4a8f-a7e3--G001,"Symo  24.0-3 480 (5) (315554), Symo  24.0-3 480 (6) (315562)",24.0,193.53,8.06375,1.247953,24.0,195.71,8.154583,1.26201,24.0,0.0,0.0,0.0,24.0,194.65,8.110417,1.255175,24.0,191.5,7.979167,1.234862
Penner Farms - 33-8-13 pump (site 3),2022-07-13,offline_or_near_zero,441.0,FRONIUS-a93e4e65-6f50-4a8f-a7e3--G001,"Symo  24.0-3 480 (5) (315554), Symo  24.0-3 480 (6) (315562)",24.0,110.21,4.592083,1.249546,24.0,111.14,4.630833,1.260091,24.0,0.0,0.0,0.0,24.0,110.58,4.6075,1.253741,24.0,109.07,4.544583,1.236621
Penner Farms - 33-8-13 pump (site 3),2022-07-14,offline_or_near_zero,774.72,FRONIUS-a93e4e65-6f50-4a8f-a7e3--G001,"Symo  24.0-3 480 (5) (315554), Symo  24.0-3 480 (6) (315562)",24.0,193.72,8.071667,1.250258,24.0,195.09,8.12875,1.2591,24.0,0.0,0.0,0.0,24.0,194.07,8.08625,1.252517,24.0,191.84,7.993333,1.238125
Penner Farms - 33-8-13 pump (site 3),2022-07-15,offline_or_near_zero,376.23,FRONIUS-a93e4e65-6f50-4a8f-a7e3--G001,"Symo  24.0-3 480 (5) (315554), Symo  24.0-3 480 (6) (315562)",24.0,130.77,5.44875,1.7379,24.0,3.2,0.133333,0.042527,24.0,0.0,0.0,0.0,24.0,125.31,5.22125,1.665338,24.0,116.95,4.872917,1.554235
Penner Farms - 33-8-13 pump (site 3),2022-07-16,offline_or_near_zero,572.29,FRONIUS-a93e4e65-6f50-4a8f-a7e3--G001,"Symo  24.0-3 480 (5) (315554), Symo  24.0-3 480 (6) (315562)",24.0,191.42,7.975833,1.672404,24.0,0.0,0.0,0.0,24.0,0.0,0.0,0.0,24.0,192.71,8.029583,1.683674,24.0,188.16,7.84,1.643922
Penner Farms - 33-8-13 pump (site 3),2022-07-17,offline_or_near_zero,569.8,FRONIUS-a93e4e65-6f50-4a8f-a7e3--G001,"Symo  24.0-3 480 (5) (315554), Symo  24.0-3 480 (6) (315562)",24.0,190.53,7.93875,1.671902,24.0,0.0,0.0,0.0,24.0,0.0,0.0,0.0,24.0,189.75,7.90625,1.665058,24.0,189.52,7.896667,1.66304
Penner Farms - 33-8-13 pump (site 3),2022-07-18,offline_or_near_zero,183.39,FRONIUS-a93e4e65-6f50-4a8f-a7e3--G001,"Symo  24.0-3 480 (5) (315554), Symo  24.0-3 480 (6) (315562)",24.0,64.01,2.667083,1.745188,24.0,0.0,0.0,0.0,24.0,0.0,0.0,0.0,24.0,59.61,2.48375,1.625225,24.0,59.77,2.490417,1.629587
Penner Farms - 33-8-13 pump (site 3),2022-07-19,offline_or_near_zero,574.1,FRONIUS-a93e4e65-6f50-4a8f-a7e3--G001,"Symo  24.0-3 480 (5) (315554), Symo  24.0-3 480 (6) (315562)",24.0,185.49,7.72875,1.615485,24.0,0.0,0.0,0.0,24.0,0.0,0.0,0.0,24.0,194.35,8.097917,1.692649,24.0,194.26,8.094167,1.691866
Penner Farms - 33-8-13 pump (site 3),2022-07-20,offline_or_near_zero,578.33,FRONIUS-a93e4e65-6f50-4a8f-a7e3--G001,"Symo  24.0-3 480 (5) (315554), Symo  24.0-3 480 (6) (315562)",24.0,194.11,8.087917,1.678194,24.0,0.0,0.0,0.0,24.0,0.0,0.0,0.0,24.0,192.46,8.019167,1.663929,24.0,191.76,7.99,1.657877
Penner Farms - 33-8-13 pump (site 3),2022-07-21,offline_or_near_zero,586.01,FRONIUS-a93e4e65-6f50-4a8f-a7e3--G001,"Symo  24.0-3 480 (5) (315554), Symo  24.0-3 480 (6) (315562)",24.0,196.11,8.17125,1.673265,24.0,0.0,0.0,0.0,24.0,0.0,0.0,0.0,24.0,195.29,8.137083,1.666268,24.0,194.61,8.10875,1.660467
Penner Farms - 33-8-13 pump (site 3),2022-07-22,offline_or_near_zero,399.3,FRONIUS-a93e4e65-6f50-4a8f-a7e3--G001,"Symo  24.0-3 480 (5) (315554), Symo  24.0-3 480 (6) (315562)",24.0,134.77,5.615417,1.687578,24.0,0.0,0.0,0.0,24.0,0.0,0.0,0.0,24.0,132.04,5.501667,1.653393,24.0,132.49,5.520417,1.659028
Penner Farms - 33-8-13 pump (site 3),2022-07-23,offline_or_near_zero,573.04,FRONIUS-a93e4e65-6f50-4a8f-a7e3--G001,"Symo  24.0-3 480 (5) (315554), Symo  24.0-3 480 (6) (315562)",24.0,192.51,8.02125,1.679726,24.0,0.0,0.0,0.0,24.0,0.0,0.0,0.0,24.0,190.76,7.948333,1.664456,24.0,189.77,7.907083,1.655818
Penner Farms - 33-8-13 pump (site 3),2022-07-24,offline_or_near_zero,569.2,FRONIUS-a93e4e65-6f50-4a8f-a7e3--G001,"Symo  24.0-3 480 (5) (315554), Symo  24.0-3 480 (6) (315562)",24.0,191.6,7.983333,1.683064,24.0,0.0,0.0,0.0,24.0,0.0,0.0,0.0,24.0,190.97,7.957083,1.67753,24.0,186.63,7.77625,1.639406
Penner Farms - 33-8-13 pump (site 3),2022-07-25,offline_or_near_zero,530.6,FRONIUS-a93e4e65-6f50-4a8f-a7e3--G001,"Symo  24.0-3 480 (5) (315554), Symo  24.0-3 480 (6) (315562)",24.0,137.61,5.73375,1.29674,24.0,0.0,0.0,0.0,24.0,119.63,4.984583,1.127309,24.0,137.29,5.720417,1.293724,24.0,136.07,5.669583,1.282228
Penner Farms - 33-8-13 pump (site 3),2022-07-26,offline_or_near_zero,558.58,FRONIUS-a93e4e65-6f50-4a8f-a7e3--G001,"Symo  24.0-3 480 (5) (315554), Symo  24.0-3 480 (6) (315562)",24.0,168.57,7.02375,1.508915,24.0,0.0,0.0,0.0,24.0,55.73,2.322083,0.498854,24.0,167.88,6.995,1.502739,24.0,166.4,6.933333,1.489491
Penner Farms - 33-8-13 pump (site 3),2022-07-27,offline_or_near_zero,477.9,FRONIUS-a93e4e65-6f50-4a8f-a7e3--G001,"Symo  24.0-3 480 (5) (315554), Symo  24.0-3 480 (6) (315562)",24.0,160.39,6.682917,1.678071,24.0,0.0,0.0,0.0,24.0,0.0,0.0,0.0,24.0,159.5,6.645833,1.668759,24.0,158.01,6.58375,1.65317
Penner Farms - 33-8-13 pump (site 3),2022-07-28,offline_or_near_zero,565.82,FRONIUS-a93e4e65-6f50-4a8f-a7e3--G001,"Symo  24.0-3 480 (5) (315554), Symo  24.0-3 480 (6) (315562)",24.0,190.06,7.919167,1.679509,24.0,0.0,0.0,0.0,24.0,0.0,0.0,0.0,24.0,188.91,7.87125,1.669347,24.0,186.85,7.785417,1.651143
Penner Farms - 33-8-13 pump (site 3),2022-07-29,offline_or_near_zero,496.79,FRONIUS-a93e4e65-6f50-4a8f-a7e3--G001,"Symo  24.0-3 480 (5) (315554), Symo  24.0-3 480 (6) (315562)",24.0,166.66,6.944167,1.677369,24.0,0.0,0.0,0.0,24.0,0.0,0.0,0.0,24.0,166.16,6.923333,1.672336,24.0,163.97,6.832083,1.650295
Penner Farms - 33-8-13 pump (site 3),2022-07-30,offline_or_near_zero,573.41,FRONIUS-a93e4e65-6f50-4a8f-a7e3--G001,"Symo  24.0-3 480 (5) (315554), Symo  24.0-3 480 (6) (315562)",24.0,191.65,7.985417,1.671143,24.0,0.0,0.0,0.0,24.0,0.0,0.0,0.0,24.0,191.42,7.975833,1.669137,24.0,190.34,7.930833,1.65972
Penner Farms - 33-8-13 pump (site 3),2022-07-31,offline_or_near_zero,551.72,FRONIUS-a93e4e65-6f50-4a8f-a7e3--G001,"Symo  24.0-3 480 (5) (315554), Symo  24.0-3 480 (6) (315562)",24.0,184.66,7.694167,1.673494,24.0,0.0,0.0,0.0,24.0,0.0,0.0,0.0,24.0,184.73,7.697083,1.674128,24.0,182.33,7.597083,1.652378
Penner Farms - 33-8-13 pump (site 3),2022-08-01,offline_or_near_zero,524.99,FRONIUS-a93e4e65-6f50-4a8f-a7e3--G001,"Symo  24.0-3 480 (5) (315554), Symo  24.0-3 480 (6) (315562)",24.0,175.85,7.327083,1.674794,24.0,0.0,0.0,0.0,24.0,0.0,0.0,0.0,24.0,175.31,7.304583,1.669651,24.0,173.83,7.242917,1.655555
Penner Farms - 33-8-13 pump (site 3),2022-08-02,offline_or_near_zero,552.38,FRONIUS-a93e4e65-6f50-4a8f-a7e3--G001,"Symo  24.0-3 480 (5) (315554), Symo  24.0-3 480 (6) (315562)",24.0,184.59,7.69125,1.670861,24.0,0.0,0.0,0.0,24.0,0.0,0.0,0.0,24.0,184.55,7.689583,1.670499,24.0,183.24,7.635,1.658641
Penner Farms - 33-8-13 pump (site 3),2022-08-03,offline_or_near_zero,534.12,FRONIUS-a93e4e65-6f50-4a8f-a7e3--G001,"Symo  24.0-3 480 (5) (315554), Symo  24.0-3 480 (6) (315562)",24.0,178.36,7.431667,1.669662,24.0,0.0,0.0,0.0,24.0,0.0,0.0,0.0,24.0,178.54,7.439167,1.671347,24.0,177.22,7.384167,1.65899
Penner Farms - 33-8-13 pump (site 3),2022-08-04,offline_or_near_zero,543.66,FRONIUS-a93e4e65-6f50-4a8f-a7e3--G001,"Symo  24.0-3 480 (5) (315554), Symo  24.0-3 480 (6) (315562)",24.0,181.47,7.56125,1.668966,24.0,0.0,0.0,0.0,24.0,0.0,0.0,0.0,24.0,181.83,7.57625,1.672277,24.0,180.36,7.515,1.658757
Penner Farms - 33-8-13 pump (site 3),2022-08-05,offline_or_near_zero,561.73,FRONIUS-a93e4e65-6f50-4a8f-a7e3--G001,"Symo  24.0-3 480 (5) (315554), Symo  24.0-3 480 (6) (315562)",24.0,187.9,7.829167,1.672512,24.0,0.0,0.0,0.0,24.0,0.0,0.0,0.0,24.0,187.63,7.817917,1.670108,24.0,186.2,7.758333,1.65738
Penner Farms - 33-8-13 pump (site 3),2022-08-06,offline_or_near_zero,587.07,FRONIUS-a93e4e65-6f50-4a8f-a7e3--G001,"Symo  24.0-3 480 (5) (315554), Symo  24.0-3 480 (6) (315562)",24.0,196.85,8.202083,1.676546,24.0,0.0,0.0,0.0,24.0,0.0,0.0,0.0,24.0,196.93,8.205417,1.677228,24.0,193.29,8.05375,1.646226
Penner Farms - 33-8-13 pump (site 3),2022-08-07,offline_or_near_zero,577.68,FRONIUS-a93e4e65-6f50-4a8f-a7e3--G001,"Symo  24.0-3 480 (5) (315554), Symo  24.0-3 480 (6) (315562)",24.0,192.72,8.03,1.668052,24.0,0.0,0.0,0.0,24.0,0.0,0.0,0.0,24.0,193.21,8.050417,1.672293,24.0,191.75,7.989583,1.659656
Penner Farms - 33-8-13 pump (site 3),2022-08-08,offline_or_near_zero,566.12,FRONIUS-a93e4e65-6f50-4a8f-a7e3--G001,"Symo  24.0-3 480 (5) (315554), Symo  24.0-3 480 (6) (315562)",24.0,189.16,7.881667,1.670671,24.0,0.0,0.0,0.0,24.0,0.0,0.0,0.0,24.0,189.23,7.884583,1.671289,24.0,187.73,7.822083,1.658041
Penner Farms - 33-8-13 pump (site 3),2022-08-09,offline_or_near_zero,567.39,FRONIUS-a93e4e65-6f50-4a8f-a7e3--G001,"Symo  24.0-3 480 (5) (315554), Symo  24.0-3 480 (6) (315562)",24.0,190.38,7.9325,1.677682,24.0,0.0,0.0,0.0,24.0,0.0,0.0,0.0,24.0,189.77,7.907083,1.672307,24.0,187.24,7.801667,1.650011
Penner Farms - 33-8-13 pump (site 3),2022-08-10,offline_or_near_zero,369.1,FRONIUS-a93e4e65-6f50-4a8f-a7e3--G001,"Symo  24.0-3 480 (5) (315554), Symo  24.0-3 480 (6) (315562)",24.0,123.76,5.156667,1.67651,24.0,0.0,0.0,0.0,24.0,0.0,0.0,0.0,24.0,123.38,5.140833,1.671363,24.0,121.96,5.081667,1.652127
Penner Farms - 33-8-13 pump (site 3),2022-08-11,offline_or_near_zero,534.75,FRONIUS-a93e4e65-6f50-4a8f-a7e3--G001,"Symo  24.0-3 480 (5) (315554), Symo  24.0-3 480 (6) (315562)",24.0,178.44,7.435,1.668443,24.0,0.0,0.0,0.0,24.0,0.0,0.0,0.0,24.0,178.99,7.457917,1.673586,24.0,177.32,7.388333,1.657971
Penner Farms - 33-8-13 pump (site 3),2022-08-12,offline_or_near_zero,440.2,FRONIUS-a93e4e65-6f50-4a8f-a7e3--G001,"Symo  24.0-3 480 (5) (315554), Symo  24.0-3 480 (6) (315562)",24.0,147.26,6.135833,1.672649,24.0,0.0,0.0,0.0,24.0,0.0,0.0,0.0,24.0,147.1,6.129167,1.670831,24.0,145.84,6.076667,1.65652
Penner Farms - 33-8-13 pump (site 3),2022-08-13,offline_or_near_zero,470.51,FRONIUS-a93e4e65-6f50-4a8f-a7e3--G001,"Symo  24.0-3 480 (5) (315554), Symo  24.0-3 480 (6) (315562)",24.0,157.39,6.557917,1.672547,24.0,0.0,0.0,0.0,24.0,0.0,0.0,0.0,24.0,157.32,6.555,1.671803,24.0,155.8,6.491667,1.65565
Penner Farms - 33-8-13 pump (site 3),2022-08-14,offline_or_near_zero,569.09,FRONIUS-a93e4e65-6f50-4a8f-a7e3--G001,"Symo  24.0-3 480 (5) (315554), Symo  24.0-3 480 (6) (315562)",24.0,190.12,7.921667,1.670386,24.0,0.0,0.0,0.0,24.0,0.0,0.0,0.0,24.0,190.05,7.91875,1.669771,24.0,188.92,7.871667,1.659843
Penner Farms - 33-8-13 pump (site 3),2022-08-15,offline_or_near_zero,551.65,FRONIUS-a93e4e65-6f50-4a8f-a7e3--G001,"Symo  24.0-3 480 (5) (315554), Symo  24.0-3 480 (6) (315562)",24.0,184.12,7.671667,1.668812,24.0,0.0,0.0,0.0,24.0,0.0,0.0,0.0,24.0,184.49,7.687083,1.672165,24.0,183.04,7.626667,1.659023
Penner Farms - 33-8-13 pump (site 3),2022-08-16,offline_or_near_zero,548.62,FRONIUS-a93e4e65-6f50-4a8f-a7e3--G001,"Symo  24.0-3 480 (5) (315554), Symo  24.0-3 480 (6) (315562)",24.0,183.57,7.64875,1.673016,24.0,0.0,0.0,0.0,24.0,0.0,0.0,0.0,24.0,183.41,7.642083,1.671558,24.0,181.64,7.568333,1.655426
Penner Farms - 33-8-13 pump (site 3),2022-08-17,offline_or_near_zero,554.11,FRONIUS-a93e4e65-6f50-4a8f-a7e3--G001,"Symo  24.0-3 480 (5) (315554), Symo  24.0-3 480 (6) (315562)",24.0,185.17,7.715417,1.670878,24.0,0.0,0.0,0.0,24.0,0.0,0.0,0.0,24.0,184.86,7.7025,1.66808,24.0,184.08,7.67,1.661042
Penner Farms - 33-8-13 pump (site 3),2022-08-18,offline_or_near_zero,543.62,FRONIUS-a93e4e65-6f50-4a8f-a7e3--G001,"Symo  24.0-3 480 (5) (315554), Symo  24.0-3 480 (6) (315562)",24.0,182.22,7.5925,1.675987,24.0,0.0,0.0,0.0,24.0,0.0,0.0,0.0,24.0,181.26,7.5525,1.667157,24.0,180.14,7.505833,1.656856
Penner Farms - 33-8-13 pump (site 3),2022-08-19,offline_or_near_zero,523.8,FRONIUS-a93e4e65-6f50-4a8f-a7e3--G001,"Symo  24.0-3 480 (5) (315554), Symo  24.0-3 480 (6) (315562)",24.0,175.67,7.319583,1.67688,24.0,0.0,0.0,0.0,24.0,0.0,0.0,0.0,24.0,175.56,7.315,1.67583,24.0,172.57,7.190417,1.647289
Penner Farms - 33-8-13 pump (site 3),2022-08-20,offline_or_near_zero,518.0,FRONIUS-a93e4e65-6f50-4a8f-a7e3--G001,"Symo  24.0-3 480 (5) (315554), Symo  24.0-3 480 (6) (315562)",24.0,173.06,7.210833,1.670463,24.0,0.0,0.0,0.0,24.0,0.0,0.0,0.0,24.0,173.69,7.237083,1.676544,24.0,171.25,7.135417,1.652992
Penner Farms - 33-8-13 pump (site 3),2022-08-21,offline_or_near_zero,448.14,FRONIUS-a93e4e65-6f50-4a8f-a7e3--G001,"Symo  24.0-3 480 (5) (315554), Symo  24.0-3 480 (6) (315562)",24.0,149.32,6.221667,1.665997,24.0,0.0,0.0,0.0,24.0,0.0,0.0,0.0,24.0,149.84,6.243333,1.671799,24.0,148.98,6.2075,1.662204
Penner Farms - 33-8-13 pump (site 3),2022-08-22,offline_or_near_zero,516.06,FRONIUS-a93e4e65-6f50-4a8f-a7e3--G001,"Symo  24.0-3 480 (5) (315554), Symo  24.0-3 480 (6) (315562)",24.0,172.34,7.180833,1.669767,24.0,0.0,0.0,0.0,24.0,0.0,0.0,0.0,24.0,172.38,7.1825,1.670155,24.0,171.34,7.139167,1.660078
Penner Farms - 33-8-13 pump (site 3),2022-08-23,offline_or_near_zero,429.83,FRONIUS-a93e4e65-6f50-4a8f-a7e3--G001,"Symo  24.0-3 480 (5) (315554), Symo  24.0-3 480 (6) (315562)",24.0,143.87,5.994583,1.673569,24.0,0.0,0.0,0.0,24.0,0.0,0.0,0.0,24.0,143.32,5.971667,1.667171,24.0,142.64,5.943333,1.659261
Penner Farms - 33-8-13 pump (site 3),2022-08-24,offline_or_near_zero,480.11,FRONIUS-a93e4e65-6f50-4a8f-a7e3--G001,"Symo  24.0-3 480 (5) (315554), Symo  24.0-3 480 (6) (315562)",24.0,160.74,6.6975,1.673991,24.0,0.0,0.0,0.0,24.0,0.0,0.0,0.0,24.0,160.3,6.679167,1.669409,24.0,159.07,6.627917,1.6566
Penner Farms - 33-8-13 pump (site 3),2022-08-25,offline_or_near_zero,291.95,FRONIUS-a93e4e65-6f50-4a8f-a7e3--G001,"Symo  24.0-3 480 (5) (315554), Symo  24.0-3 480 (6) (315562)",24.0,98.02,4.084167,1.678712,24.0,0.0,0.0,0.0,24.0,0.0,0.0,0.0,24.0,97.66,4.069167,1.672547,24.0,96.27,4.01125,1.648741
Penner Farms - 33-8-13 pump (site 3),2022-08-26,offline_or_near_zero,468.07,FRONIUS-a93e4e65-6f50-4a8f-a7e3--G001,"Symo  24.0-3 480 (5) (315554), Symo  24.0-3 480 (6) (315562)",24.0,148.43,6.184583,1.585553,24.0,0.0,0.0,0.0,24.0,0.0,0.0,0.0,24.0,160.24,6.676667,1.71171,24.0,159.4,6.641667,1.702737
Penner Farms - 33-8-13 pump (site 3),2022-08-27,offline_or_near_zero,385.72,FRONIUS-a93e4e65-6f50-4a8f-a7e3--G001,"Symo  24.0-3 480 (5) (315554), Symo  24.0-3 480 (6) (315562)",24.0,128.62,5.359167,1.667272,24.0,0.0,0.0,0.0,24.0,0.0,0.0,0.0,24.0,128.75,5.364583,1.668957,24.0,128.35,5.347917,1.663772
Penner Farms - 33-8-13 pump (site 3),2022-08-28,offline_or_near_zero,496.6,FRONIUS-a93e4e65-6f50-4a8f-a7e3--G001,"Symo  24.0-3 480 (5) (315554), Symo  24.0-3 480 (6) (315562)",24.0,165.52,6.896667,1.666532,24.0,0.0,0.0,0.0,24.0,0.0,0.0,0.0,24.0,165.7,6.904167,1.668345,24.0,165.38,6.890833,1.665123
Penner Farms - 33-8-13 pump (site 3),2022-08-29,offline_or_near_zero,511.87,FRONIUS-a93e4e65-6f50-4a8f-a7e3--G001,"Symo  24.0-3 480 (5) (315554), Symo  24.0-3 480 (6) (315562)",24.0,170.61,7.10875,1.666536,24.0,0.0,0.0,0.0,24.0,0.0,0.0,0.0,24.0,170.9,7.120833,1.669369,24.0,170.36,7.098333,1.664094
Penner Farms - 33-8-13 pump (site 3),2022-08-30,offline_or_near_zero,535.66,FRONIUS-a93e4e65-6f50-4a8f-a7e3--G001,"Symo  24.0-3 480 (5) (315554), Symo  24.0-3 480 (6) (315562)",24.0,178.49,7.437083,1.666075,24.0,0.0,0.0,0.0,24.0,0.0,0.0,0.0,24.0,178.84,7.451667,1.669342,24.0,178.33,7.430417,1.664582
Penner Farms - 33-8-13 pump (site 3),2022-08-31,offline_or_near_zero,528.37,FRONIUS-a93e4e65-6f50-4a8f-a7e3--G001,"Symo  24.0-3 480 (5) (315554), Symo  24.0-3 480 (6) (315562)",24.0,175.89,7.32875,1.664459,24.0,0.0,0.0,0.0,24.0,0.0,0.0,0.0,24.0,176.53,7.355417,1.670515,24.0,175.95,7.33125,1.665026
Penner Farms - 33-8-13 pump (site 3),2022-09-01,offline_or_near_zero,505.32,FRONIUS-a93e4e65-6f50-4a8f-a7e3--G001,"Symo  24.0-3 480 (5) (315554), Symo  24.0-3 480 (6) (315562)",24.0,168.48,7.02,1.667062,24.0,0.0,0.0,0.0,24.0,0.0,0.0,0.0,24.0,168.59,7.024583,1.668151,24.0,168.25,7.010417,1.664787
Penner Farms - 33-8-13 pump (site 3),2022-09-02,offline_or_near_zero,539.96,FRONIUS-a93e4e65-6f50-4a8f-a7e3--G001,"Symo  24.0-3 480 (5) (315554), Symo  24.0-3 480 (6) (315562)",24.0,180.61,7.525417,1.672439,24.0,0.0,0.0,0.0,24.0,0.0,0.0,0.0,24.0,181.33,7.555417,1.679106,24.0,178.02,7.4175,1.648455
Penner Farms - 33-8-13 pump (site 3),2022-09-03,offline_or_near_zero,424.99,FRONIUS-a93e4e65-6f50-4a8f-a7e3--G001,"Symo  24.0-3 480 (5) (315554), Symo  24.0-3 480 (6) (315562)",24.0,142.17,5.92375,1.672628,24.0,0.0,0.0,0.0,24.0,0.0,0.0,0.0,24.0,142.54,5.939167,1.676981,24.0,140.28,5.845,1.650392
Penner Farms - 33-8-13 pump (site 3),2022-09-04,offline_or_near_zero,441.63,FRONIUS-a93e4e65-6f50-4a8f-a7e3--G001,"Symo  24.0-3 480 (5) (315554), Symo  24.0-3 480 (6) (315562)",24.0,147.08,6.128333,1.665195,24.0,0.0,0.0,0.0,24.0,0.0,0.0,0.0,24.0,147.59,6.149583,1.670969,24.0,146.96,6.123333,1.663836
Penner Farms - 33-8-13 pump (site 3),2022-09-05,offline_or_near_zero,531.85,FRONIUS-a93e4e65-6f50-4a8f-a7e3--G001,"Symo  24.0-3 480 (5) (315554), Symo  24.0-3 480 (6) (315562)",24.0,177.02,7.375833,1.664191,24.0,0.0,0.0,0.0,24.0,0.0,0.0,0.0,24.0,177.34,7.389167,1.667199,24.0,177.49,7.395417,1.66861
Penner Farms - 33-8-13 pump (site 3),2022-09-06,offline_or_near_zero,521.69,FRONIUS-a93e4e65-6f50-4a8f-a7e3--G001,"Symo  24.0-3 480 (5) (315554), Symo  24.0-3 480 (6) (315562)",24.0,174.37,7.265417,1.671203,24.0,0.0,0.0,0.0,24.0,0.0,0.0,0.0,24.0,174.49,7.270417,1.672353,24.0,172.83,7.20125,1.656443
Penner Farms - 33-8-13 pump (site 3),2022-09-07,offline_or_near_zero,483.95,FRONIUS-a93e4e65-6f50-4a8f-a7e3--G001,"Symo  24.0-3 480 (5) (315554), Symo  24.0-3 480 (6) (315562)",24.0,161.29,6.720417,1.666391,24.0,0.0,0.0,0.0,24.0,0.0,0.0,0.0,24.0,161.57,6.732083,1.669284,24.0,161.09,6.712083,1.664325
Penner Farms - 33-8-13 pump (site 3),2022-09-08,offline_or_near_zero,219.81,FRONIUS-a93e4e65-6f50-4a8f-a7e3--G001,"Symo  24.0-3 480 (5) (315554), Symo  24.0-3 480 (6) (315562)",24.0,73.1,3.045833,1.6628,24.0,0.0,0.0,0.0,24.0,0.0,0.0,0.0,24.0,73.65,3.06875,1.67531,24.0,73.06,3.044167,1.66189
Penner Farms - 33-8-13 pump (site 3),2022-09-09,offline_or_near_zero,477.85,FRONIUS-a93e4e65-6f50-4a8f-a7e3--G001,"Symo  24.0-3 480 (5) (315554), Symo  24.0-3 480 (6) (315562)",24.0,158.89,6.620417,1.662551,24.0,0.0,0.0,0.0,24.0,0.0,0.0,0.0,24.0,159.5,6.645833,1.668934,24.0,159.46,6.644167,1.668515
Penner Farms - 33-8-13 pump (site 3),2022-09-10,offline_or_near_zero,554.74,FRONIUS-a93e4e65-6f50-4a8f-a7e3--G001,"Symo  24.0-3 480 (5) (315554), Symo  24.0-3 480 (6) (315562)",24.0,184.01,7.667083,1.658525,24.0,0.0,0.0,0.0,24.0,0.0,0.0,0.0,24.0,185.86,7.744167,1.675199,24.0,184.87,7.702917,1.666276
Penner Farms - 33-8-13 pump (site 3),2022-09-11,offline_or_near_zero,481.45,FRONIUS-a93e4e65-6f50-4a8f-a7e3--G001,"Symo  24.0-3 480 (5) (315554), Symo  24.0-3 480 (6) (315562)",24.0,159.89,6.662083,1.660505,24.0,0.0,0.0,0.0,24.0,0.0,0.0,0.0,24.0,161.22,6.7175,1.674317,24.0,160.34,6.680833,1.665178
Penner Farms - 33-8-13 pump (site 3),2022-09-12,offline_or_near_zero,257.94,FRONIUS-a93e4e65-6f50-4a8f-a7e3--G001,"Symo  24.0-3 480 (5) (315554), Symo  24.0-3 480 (6) (315562)",24.0,86.02,3.584167,1.667442,24.0,0.0,0.0,0.0,24.0,0.0,0.0,0.0,24.0,86.12,3.588333,1.66938,24.0,85.8,3.575,1.663177
Penner Farms - 33-8-13 pump (site 3),2022-09-13,offline_or_near_zero,147.87,FRONIUS-a93e4e65-6f50-4a8f-a7e3--G001,"Symo  24.0-3 480 (5) (315554), Symo  24.0-3 480 (6) (315562)",24.0,49.77,2.07375,1.682897,24.0,0.0,0.0,0.0,24.0,0.0,0.0,0.0,24.0,49.25,2.052083,1.665314,24.0,48.85,2.035417,1.651789
Penner Farms - 33-8-13 pump (site 3),2022-09-14,offline_or_near_zero,462.14,FRONIUS-a93e4e65-6f50-4a8f-a7e3--G001,"Symo  24.0-3 480 (5) (315554), Symo  24.0-3 480 (6) (315562)",24.0,153.23,6.384583,1.657831,24.0,0.0,0.0,0.0,24.0,0.0,0.0,0.0,24.0,154.53,6.43875,1.671896,24.0,154.38,6.4325,1.670273
Penner Farms - 33-8-13 pump (site 3),2022-09-15,offline_or_near_zero,438.54,FRONIUS-a93e4e65-6f50-4a8f-a7e3--G001,"Symo  24.0-3 480 (5) (315554), Symo  24.0-3 480 (6) (315562)",24.0,146.31,6.09625,1.668149,24.0,0.0,0.0,0.0,24.0,0.0,0.0,0.0,24.0,147.01,6.125417,1.67613,24.0,145.22,6.050833,1.655721
Penner Farms - 33-8-13 pump (site 3),2022-09-16,offline_or_near_zero,199.37,FRONIUS-a93e4e65-6f50-4a8f-a7e3--G001,"Symo  24.0-3 480 (5) (315554), Symo  24.0-3 480 (6) (315562)",24.0,66.56,2.773333,1.669258,24.0,0.0,0.0,0.0,24.0,0.0,0.0,0.0,24.0,67.13,2.797083,1.683553,24.0,65.68,2.736667,1.647189
Penner Farms - 33-8-13 pump (site 3),2022-09-17,offline_or_near_zero,510.57,FRONIUS-a93e4e65-6f50-4a8f-a7e3--G001,"Symo  24.0-3 480 (5) (315554), Symo  24.0-3 480 (6) (315562)",24.0,169.72,7.071667,1.662064,24.0,0.0,0.0,0.0,24.0,0.0,0.0,0.0,24.0,170.27,7.094583,1.66745,24.0,170.58,7.1075,1.670486
Penner Farms - 33-8-13 pump (site 3),2022-09-18,offline_or_near_zero,420.91,FRONIUS-a93e4e65-6f50-4a8f-a7e3--G001,"Symo  24.0-3 480 (5) (315554), Symo  24.0-3 480 (6) (315562)",24.0,140.08,5.836667,1.664014,24.0,0.0,0.0,0.0,24.0,0.0,0.0,0.0,24.0,140.67,5.86125,1.671022,24.0,140.16,5.84,1.664964
Penner Farms - 33-8-13 pump (site 3),2022-09-19,offline_or_near_zero,359.22,FRONIUS-a93e4e65-6f50-4a8f-a7e3--G001,"Symo  24.0-3 480 (5) (315554), Symo  24.0-3 480 (6) (315562)",24.0,119.65,4.985417,1.665414,24.0,0.0,0.0,0.0,24.0,0.0,0.0,0.0,24.0,119.77,4.990417,1.667084,24.0,119.8,4.991667,1.667502
Penner Farms - 33-8-13 pump (site 3),2022-09-20,offline_or_near_zero,446.55,FRONIUS-a93e4e65-6f50-4a8f-a7e3--G001,"Symo  24.0-3 480 (5) (315554), Symo  24.0-3 480 (6) (315562)",24.0,146.43,6.10125,1.63957,24.0,0.0,0.0,0.0,24.0,0.0,0.0,0.0,24.0,150.27,6.26125,1.682566,24.0,149.85,6.24375,1.677864
Penner Farms - 33-8-13 pump (site 3),2022-09-21,offline_or_near_zero,534.02,FRONIUS-a93e4e65-6f50-4a8f-a7e3--G001,"Symo  24.0-3 480 (5) (315554), Symo  24.0-3 480 (6) (315562)",24.0,174.24,7.26,1.6314,24.0,0.0,0.0,0.0,24.0,0.0,0.0,0.0,24.0,180.74,7.530833,1.692259,24.0,179.04,7.46,1.676342
Penner Farms - 33-8-13 pump (site 3),2022-09-22,offline_or_near_zero,106.47,FRONIUS-a93e4e65-6f50-4a8f-a7e3--G001,"Symo  24.0-3 480 (5) (315554), Symo  24.0-3 480 (6) (315562)",24.0,34.66,1.444167,1.627689,24.0,0.0,0.0,0.0,24.0,0.0,0.0,0.0,24.0,36.18,1.5075,1.69907,24.0,35.63,1.484583,1.673241
Penner Farms - 33-8-13 pump (site 3),2022-09-23,offline_or_near_zero,414.27,FRONIUS-a93e4e65-6f50-4a8f-a7e3--G001,"Symo  24.0-3 480 (5) (315554), Symo  24.0-3 480 (6) (315562)",24.0,135.48,5.645,1.635165,24.0,0.0,0.0,0.0,24.0,0.0,0.0,0.0,24.0,139.55,5.814583,1.684288,24.0,139.24,5.801667,1.680547
Penner Farms - 33-8-13 pump (site 3),2022-09-24,offline_or_near_zero,504.24,FRONIUS-a93e4e65-6f50-4a8f-a7e3--G001,"Symo  24.0-3 480 (5) (315554), Symo  24.0-3 480 (6) (315562)",24.0,165.4,6.891667,1.640092,24.0,0.0,0.0,0.0,24.0,0.0,0.0,0.0,24.0,169.33,7.055417,1.679062,24.0,169.51,7.062917,1.680846
Penner Farms - 33-8-13 pump (site 3),2022-09-25,offline_or_near_zero,487.43,FRONIUS-a93e4e65-6f50-4a8f-a7e3--G001,"Symo  24.0-3 480 (5) (315554), Symo  24.0-3 480 (6) (315562)",24.0,160.05,6.66875,1.641774,24.0,0.0,0.0,0.0,24.0,0.0,0.0,0.0,24.0,163.7,6.820833,1.679215,24.0,163.68,6.82,1.67901
Penner Farms - 33-8-13 pump (site 3),2022-09-26,offline_or_near_zero,484.38,FRONIUS-a93e4e65-6f50-4a8f-a7e3--G001,"Symo  24.0-3 480 (5) (315554), Symo  24.0-3 480 (6) (315562)",24.0,159.87,6.66125,1.650254,24.0,0.0,0.0,0.0,24.0,0.0,0.0,0.0,24.0,162.57,6.77375,1.678125,24.0,161.94,6.7475,1.671621
Penner Farms - 33-8-13 pump (site 3),2022-09-27,offline_or_near_zero,486.67,FRONIUS-a93e4e65-6f50-4a8f-a7e3--G001,"Symo  24.0-3 480 (5) (315554), Symo  24.0-3 480 (6) (315562)",24.0,159.89,6.662083,1.642694,24.0,0.0,0.0,0.0,24.0,0.0,0.0,0.0,24.0,163.54,6.814167,1.680194,24.0,163.24,6.801667,1.677112
Penner Farms - 33-8-13 pump (site 3),2022-09-28,offline_or_near_zero,432.59,FRONIUS-a93e4e65-6f50-4a8f-a7e3--G001,"Symo  24.0-3 480 (5) (315554), Symo  24.0-3 480 (6) (315562)",24.0,142.25,5.927083,1.644167,24.0,0.0,0.0,0.0,24.0,0.0,0.0,0.0,24.0,145.26,6.0525,1.678957,24.0,145.08,6.045,1.676876
Penner Farms - 33-8-13 pump (site 3),2022-09-29,offline_or_near_zero,297.02,FRONIUS-a93e4e65-6f50-4a8f-a7e3--G001,"Symo  24.0-3 480 (5) (315554), Symo  24.0-3 480 (6) (315562)",24.0,97.63,4.067917,1.643492,24.0,0.0,0.0,0.0,24.0,0.0,0.0,0.0,24.0,99.85,4.160417,1.680863,24.0,99.54,4.1475,1.675645
Penner Farms - 33-8-13 pump (site 3),2022-09-30,offline_or_near_zero,279.47,FRONIUS-a93e4e65-6f50-4a8f-a7e3--G001,"Symo  24.0-3 480 (5) (315554), Symo  24.0-3 480 (6) (315562)",24.0,92.4,3.85,1.653129,24.0,0.0,0.0,0.0,24.0,0.0,0.0,0.0,24.0,93.68,3.903333,1.67603,24.0,93.39,3.89125,1.670841
Penner Farms - 33-8-13 pump (site 3),2022-10-01,offline_or_near_zero,477.63,FRONIUS-a93e4e65-6f50-4a8f-a7e3--G001,"Symo  24.0-3 480 (5) (315554), Symo  24.0-3 480 (6) (315562)",24.0,158.11,6.587917,1.655151,24.0,0.0,0.0,0.0,24.0,0.0,0.0,0.0,24.0,159.87,6.66125,1.673576,24.0,159.65,6.652083,1.671273
Penner Farms - 33-8-13 pump (site 3),2022-10-02,offline_or_near_zero,249.92,FRONIUS-a93e4e65-6f50-4a8f-a7e3--G001,"Symo  24.0-3 480 (5) (315554), Symo  24.0-3 480 (6) (315562)",24.0,82.73,3.447083,1.65513,24.0,0.0,0.0,0.0,24.0,0.0,0.0,0.0,24.0,84.08,3.503333,1.682138,24.0,83.11,3.462917,1.662732
Penner Farms - 33-8-13 pump (site 3),2022-10-03,offline_or_near_zero,450.61,FRONIUS-a93e4e65-6f50-4a8f-a7e3--G001,"Symo  24.0-3 480 (5) (315554), Symo  24.0-3 480 (6) (315562)",24.0,149.23,6.217917,1.655866,24.0,0.0,0.0,0.0,24.0,0.0,0.0,0.0,24.0,150.67,6.277917,1.671845,24.0,150.71,6.279583,1.672289
Penner Farms - 33-8-13 pump (site 3),2022-10-04,offline_or_near_zero,468.61,FRONIUS-a93e4e65-6f50-4a8f-a7e3--G001,"Symo  24.0-3 480 (5) (315554), Symo  24.0-3 480 (6) (315562)",24.0,154.66,6.444167,1.6502,24.0,0.0,0.0,0.0,24.0,0.0,0.0,0.0,24.0,156.8,6.533333,1.673033,24.0,157.15,6.547917,1.676767
Penner Farms - 33-8-13 pump (site 3),2022-10-05,offline_or_near_zero,426.63,FRONIUS-a93e4e65-6f50-4a8f-a7e3--G001,"Symo  24.0-3 480 (5) (315554), Symo  24.0-3 480 (6) (315562)",24.0,141.35,5.889583,1.656588,24.0,0.0,0.0,0.0,24.0,0.0,0.0,0.0,24.0,142.55,5.939583,1.670651,24.0,142.73,5.947083,1.672761
Penner Farms - 33-8-13 pump (site 3),2022-10-06,offline_or_near_zero,425.15,FRONIUS-a93e4e65-6f50-4a8f-a7e3--G001,"Symo  24.0-3 480 (5) (315554), Symo  24.0-3 480 (6) (315562)",24.0,140.98,5.874167,1.658003,24.0,0.0,0.0,0.0,24.0,0.0,0.0,0.0,24.0,142.6,5.941667,1.677055,24.0,141.57,5.89875,1.664942
Penner Farms - 33-8-13 pump (site 3),2022-10-07,offline_or_near_zero,463.34,FRONIUS-a93e4e65-6f50-4a8f-a7e3--G001,"Symo  24.0-3 480 (5) (315554), Symo  24.0-3 480 (6) (315562)",24.0,153.26,6.385833,1.653861,24.0,0.0,0.0,0.0,24.0,0.0,0.0,0.0,24.0,155.0,6.458333,1.672638,24.0,155.08,6.461667,1.673501
Penner Farms - 33-8-13 pump (site 3),2022-10-08,offline_or_near_zero,469.65,FRONIUS-a93e4e65-6f50-4a8f-a7e3--G001,"Symo  24.0-3 480 (5) (315554), Symo  24.0-3 480 (6) (315562)",24.0,155.23,6.467917,1.652614,24.0,0.0,0.0,0.0,24.0,0.0,0.0,0.0,24.0,156.97,6.540417,1.671138,24.0,157.45,6.560417,1.676248
Penner Farms - 33-8-13 pump (site 3),2022-10-09,offline_or_near_zero,427.7,FRONIUS-a93e4e65-6f50-4a8f-a7e3--G001,"Symo  24.0-3 480 (5) (315554), Symo  24.0-3 480 (6) (315562)",24.0,141.49,5.895417,1.65408,24.0,0.0,0.0,0.0,24.0,0.0,0.0,0.0,24.0,142.95,5.95625,1.671148,24.0,143.26,5.969167,1.674772
Penner Farms - 33-8-13 pump (site 3),2022-10-10,offline_or_near_zero,330.82,FRONIUS-a93e4e65-6f50-4a8f-a7e3--G001,"Symo  24.0-3 480 (5) (315554), Symo  24.0-3 480 (6) (315562)",24.0,109.38,4.5575,1.653165,24.0,0.0,0.0,0.0,24.0,0.0,0.0,0.0,24.0,110.82,4.6175,1.674929,24.0,110.62,4.609167,1.671906
Penner Farms - 33-8-13 pump (site 3),2022-10-11,offline_or_near_zero,348.25,FRONIUS-a93e4e65-6f50-4a8f-a7e3--G001,"Symo  24.0-3 480 (5) (315554), Symo  24.0-3 480 (6) (315562)",24.0,115.2,4.8,1.653984,24.0,0.0,0.0,0.0,24.0,0.0,0.0,0.0,24.0,116.47,4.852917,1.672218,24.0,116.58,4.8575,1.673798
Penner Farms - 33-8-13 pump (site 3),2022-10-12,offline_or_near_zero,330.57,FRONIUS-a93e4e65-6f50-4a8f-a7e3--G001,"Symo  24.0-3 480 (5) (315554), Symo  24.0-3 480 (6) (315562)",24.0,109.57,4.565417,1.657289,24.0,0.0,0.0,0.0,24.0,0.0,0.0,0.0,24.0,110.5,4.604167,1.671356,24.0,110.5,4.604167,1.671356
Penner Farms - 33-8-13 pump (site 3),2022-10-13,offline_or_near_zero,462.83,FRONIUS-a93e4e65-6f50-4a8f-a7e3--G001,"Symo  24.0-3 480 (5) (315554), Symo  24.0-3 480 (6) (315562)",24.0,151.45,6.310417,1.63613,24.0,0.0,0.0,0.0,24.0,0.0,0.0,0.0,24.0,155.42,6.475833,1.679018,24.0,155.96,6.498333,1.684852
Penner Farms - 33-8-13 pump (site 3),2022-10-14,offline_or_near_zero,213.01,FRONIUS-a93e4e65-6f50-4a8f-a7e3--G001,"Symo  24.0-3 480 (5) (315554), Symo  24.0-3 480 (6) (315562)",24.0,70.45,2.935417,1.653678,24.0,0.0,0.0,0.0,24.0,0.0,0.0,0.0,24.0,71.6,2.983333,1.680672,24.0,70.96,2.956667,1.66565
Penner Farms - 33-8-13 pump (site 3),2022-10-15,offline_or_near_zero,445.92,FRONIUS-a93e4e65-6f50-4a8f-a7e3--G001,"Symo  24.0-3 480 (5) (315554), Symo  24.0-3 480 (6) (315562)",24.0,147.82,6.159167,1.657472,24.0,0.0,0.0,0.0,24.0,0.0,0.0,0.0,24.0,148.99,6.207917,1.670591,24.0,149.11,6.212917,1.671937
Penner Farms - 33-8-13 pump (site 3),2022-10-16,offline_or_near_zero,454.18,FRONIUS-a93e4e65-6f50-4a8f-a7e3--G001,"Symo  24.0-3 480 (5) (315554), Symo  24.0-3 480 (6) (315562)",24.0,150.94,6.289167,1.661676,24.0,0.0,0.0,0.0,24.0,0.0,0.0,0.0,24.0,152.05,6.335417,1.673896,24.0,151.19,6.299583,1.664428
Penner Farms - 33-8-13 pump (site 3),2022-10-17,offline_or_near_zero,459.52,FRONIUS-a93e4e65-6f50-4a8f-a7e3--G001,"Symo  24.0-3 480 (5) (315554), Symo  24.0-3 480 (6) (315562)",24.0,152.76,6.365,1.662169,24.0,0.0,0.0,0.0,24.0,0.0,0.0,0.0,24.0,153.86,6.410833,1.674138,24.0,152.9,6.370833,1.663693
Penner Farms - 33-8-13 pump (site 3),2022-10-18,offline_or_near_zero,432.51,FRONIUS-a93e4e65-6f50-4a8f-a7e3--G001,"Symo  24.0-3 480 (5) (315554), Symo  24.0-3 480 (6) (315562)",24.0,143.15,5.964583,1.654875,24.0,0.0,0.0,0.0,24.0,0.0,0.0,0.0,24.0,144.6,6.025,1.671638,24.0,144.76,6.031667,1.673487
Penner Farms - 33-8-13 pump (site 3),2022-10-19,Normal,473.15,,,24.0,111.12,4.63,1.174258,24.0,96.37,4.015417,1.018387,24.0,53.1,2.2125,0.561133,24.0,109.6,4.566667,1.158195,24.0,102.96,4.29,1.088027
Penner Farms - 33-8-13 pump (site 3),2022-10-20,Normal,333.98,,,24.0,66.36,2.765,0.993473,24.0,67.3,2.804167,1.007545,24.0,66.65,2.777083,0.997814,24.0,67.01,2.792083,1.003204,24.0,66.66,2.7775,0.997964
Penner Farms - 33-8-13 pump (site 3),2022-10-21,Normal,103.43,,,24.0,20.61,0.85875,0.996326,24.0,20.95,0.872917,1.012762,24.0,20.63,0.859583,0.997293,24.0,20.75,0.864583,1.003094,24.0,20.49,0.85375,0.990525
Penner Farms - 33-8-13 pump (site 3),2022-10-22,Normal,57.47,,,24.0,11.46,0.4775,0.997042,24.0,11.61,0.48375,1.010092,24.0,11.54,0.480833,1.004002,24.0,11.46,0.4775,0.997042,24.0,11.4,0.475,0.991822
Penner Farms - 33-8-13 pump (site 3),2022-10-23,Normal,147.84,,,24.0,29.14,1.214167,0.985525,24.0,29.83,1.242917,1.008861,24.0,29.48,1.228333,0.997024,24.0,29.84,1.243333,1.009199,24.0,29.55,1.23125,0.999391
Penner Farms - 33-8-13 pump (site 3),,Marker - 366 additional day(s) without incident,,,,,,,,,,,,,,,,,,,,,,,
Penner Farms - 33-8-13 pump (site 3),2023-10-25,Normal,72.6,,,24.0,15.29,0.637083,1.05303,24.0,16.01,0.667083,1.102617,24.0,13.07,0.544583,0.900138,24.0,14.35,0.597917,0.988292,24.0,13.88,0.578333,0.955923
Penner Farms - 33-8-13 pump (site 3),2023-10-26,Normal,78.43,,,24.0,16.48,0.686667,1.050618,24.0,17.74,0.739167,1.130945,24.0,14.03,0.584583,0.894428,24.0,15.06,0.6275,0.960092,24.0,15.12,0.63,0.963917
Penner Farms - 33-8-13 pump (site 3),2023-10-27,Normal,157.98,,,24.0,38.3,1.595833,1.212179,24.0,34.93,1.455417,1.10552,24.0,28.71,1.19625,0.908659,24.0,29.48,1.228333,0.933029,24.0,26.56,1.106667,0.840613
Penner Farms - 33-8-13 pump (site 3),2023-10-28,Normal,303.51,,,24.0,72.22,3.009167,1.189747,24.0,70.59,2.94125,1.162894,24.0,54.39,2.26625,0.896017,24.0,54.68,2.278333,0.900794,24.0,51.63,2.15125,0.850549
Penner Farms - 33-8-13 pump (site 3),2023-10-29,Normal,735.24,,,24.0,151.27,6.302917,1.028712,24.0,152.98,6.374167,1.040341,24.0,139.93,5.830417,0.951594,24.0,146.77,6.115417,0.998109,24.0,144.29,6.012083,0.981244
Penner Farms - 33-8-13 pump (site 3),2023-10-30,sustained_underperformance,560.92,FRONIUS-a93e4e65-6f50-4a8f-a7e3--G002,Symo  24.0-3 480 (1) (31554A),24.0,71.96,2.998333,0.641446,24.0,121.23,5.05125,1.080635,24.0,118.28,4.928333,1.054339,24.0,125.59,5.232917,1.1195,24.0,123.86,5.160833,1.104079
Penner Farms - 33-8-13 pump (site 3),2023-10-31,sustained_underperformance,599.84,FRONIUS-a93e4e65-6f50-4a8f-a7e3--G002,Symo  24.0-3 480 (1) (31554A),24.0,80.25,3.34375,0.668928,24.0,131.73,5.48875,1.098043,24.0,125.2,5.216667,1.043612,24.0,131.98,5.499167,1.100127,24.0,130.68,5.445,1.08929
Penner Farms - 33-8-13 pump (site 3),2023-11-01,sustained_underperformance,506.91,FRONIUS-a93e4e65-6f50-4a8f-a7e3--G002,Symo  24.0-3 480 (1) (31554A),24.0,71.9,2.995833,0.709199,24.0,109.51,4.562917,1.080172,24.0,102.59,4.274583,1.011915,24.0,112.0,4.666667,1.104733,24.0,110.91,4.62125,1.093981
Penner Farms - 33-8-13 pump (site 3),2023-11-02,Normal,100.6,,,24.0,20.13,0.83875,1.000497,24.0,20.35,0.847917,1.011431,24.0,19.94,0.830833,0.991054,24.0,20.19,0.84125,1.003479,24.0,19.99,0.832917,0.993539
Penner Farms - 33-8-13 pump (site 3),2023-11-03,Normal,577.08,,,24.0,68.33,2.847083,0.592032,24.0,125.68,5.236667,1.08893,24.0,120.88,5.036667,1.047342,24.0,131.0,5.458333,1.135025,24.0,131.19,5.46625,1.136671
Penner Farms - 33-8-13 pump (site 3),2023-11-04,Normal,58.75,,,24.0,11.8,0.491667,1.004255,24.0,11.93,0.497083,1.015319,24.0,11.53,0.480417,0.981277,24.0,11.85,0.49375,1.008511,24.0,11.64,0.485,0.990638
Penner Farms - 33-8-13 pump (site 3),2023-11-05,Normal,278.01,,,24.0,54.24,2.26,0.975504,24.0,56.56,2.356667,1.01723,24.0,54.45,2.26875,0.979281,24.0,56.61,2.35875,1.018129,24.0,56.15,2.339583,1.009856
Penner Farms - 33-8-13 pump (site 3),2023-11-06,Normal,421.94,,,24.0,60.98,2.540833,0.722615,24.0,92.02,3.834167,1.090439,24.0,85.26,3.5525,1.010333,24.0,92.43,3.85125,1.095298,24.0,91.25,3.802083,1.081315
Penner Farms - 33-8-13 pump (site 3),,Marker - 61 additional day(s) without incident,,,,,,,,,,,,,,,,,,,,,,,
Penner Farms - 33-8-13 pump (site 3),2024-01-07,Normal,104.63,,,24.0,20.65,0.860417,0.986811,24.0,24.82,1.034167,1.186084,24.0,16.41,0.68375,0.784192,24.0,27.16,1.131667,1.297907,24.0,15.59,0.649583,0.745006
Penner Farms - 33-8-13 pump (site 3),2024-01-08,Normal,265.33,,,24.0,54.04,2.251667,1.018355,24.0,63.2,2.633333,1.19097,24.0,40.59,1.69125,0.764897,24.0,67.28,2.803333,1.267855,24.0,40.22,1.675833,0.757924
Penner Farms - 33-8-13 pump (site 3),2024-01-09,Normal,268.56,,,24.0,53.26,2.219167,0.991585,24.0,57.09,2.37875,1.062891,24.0,50.2,2.091667,0.934614,24.0,57.16,2.381667,1.064194,24.0,50.85,2.11875,0.946716
Penner Farms - 33-8-13 pump (site 3),2024-01-10,Normal,39.16,,,24.0,8.26,0.344167,1.054648,24.0,8.46,0.3525,1.080184,24.0,6.27,0.26125,0.800562,24.0,9.18,0.3825,1.172114,24.0,6.99,0.29125,0.892492
Penner Farms - 33-8-13 pump (site 3),2024-01-11,Normal,36.01,,,24.0,7.71,0.32125,1.070536,24.0,7.8,0.325,1.083032,24.0,5.7,0.2375,0.791447,24.0,8.43,0.35125,1.170508,24.0,6.37,0.265417,0.884477
Penner Farms - 33-8-13 pump (site 3),2024-01-12,sustained_underperformance,122.02,FRONIUS-a93e4e65-6f50-4a8f-a7e3--G003,"Symo  24.0-3 480 (6) (315562), Symo 24.0-3 480 (7) (315570)",24.0,25.23,1.05125,1.033847,24.0,27.57,1.14875,1.129733,24.0,12.55,0.522917,0.51426,24.0,39.35,1.639583,1.612441,24.0,17.32,0.721667,0.70972
Penner Farms - 33-8-13 pump (site 3),2024-01-13,sustained_underperformance,165.41,FRONIUS-a93e4e65-6f50-4a8f-a7e3--G003,"Symo  24.0-3 480 (6) (315562), Symo 24.0-3 480 (7) (315570)",24.0,35.13,1.46375,1.061907,24.0,40.26,1.6775,1.216976,24.0,13.95,0.58125,0.421679,24.0,58.83,2.45125,1.778308,24.0,17.24,0.718333,0.521129
Penner Farms - 33-8-13 pump (site 3),2024-01-14,sustained_underperformance,179.84,FRONIUS-a93e4e65-6f50-4a8f-a7e3--G003,"Symo  24.0-3 480 (6) (315562), Symo 24.0-3 480 (7) (315570)",24.0,35.1,1.4625,0.975867,24.0,43.78,1.824167,1.217193,24.0,14.58,0.6075,0.40536,24.0,61.16,2.548333,1.7004,24.0,25.22,1.050833,0.701179
Penner Farms - 33-8-13 pump (site 3),2024-01-15,sustained_underperformance,225.14,FRONIUS-a93e4e65-6f50-4a8f-a7e3--G003,"Symo  24.0-3 480 (6) (315562), Symo 24.0-3 480 (7) (315570)",24.0,41.71,1.737917,0.926313,24.0,56.87,2.369583,1.262992,24.0,21.55,0.897917,0.478591,24.0,76.21,3.175417,1.692502,24.0,28.8,1.2,0.639602
Penner Farms - 33-8-13 pump (site 3),2024-01-16,sustained_underperformance,166.56,FRONIUS-a93e4e65-6f50-4a8f-a7e3--G003,"Symo  24.0-3 480 (6) (315562), Symo 24.0-3 480 (7) (315570)",24.0,32.08,1.336667,0.963016,24.0,47.57,1.982083,1.428014,24.0,15.09,0.62875,0.45299,24.0,51.04,2.126667,1.532181,24.0,20.78,0.865833,0.623799
Penner Farms - 33-8-13 pump (site 3),2024-01-17,Normal,36.55,,,24.0,7.53,0.31375,1.030096,24.0,7.96,0.331667,1.088919,24.0,6.68,0.278333,0.913817,24.0,7.22,0.300833,0.987688,24.0,7.16,0.298333,0.97948
Penner Farms - 33-8-13 pump (site 3),2024-01-18,Normal,64.64,,,24.0,13.14,0.5475,1.016399,24.0,14.59,0.607917,1.128558,24.0,11.35,0.472917,0.877939,24.0,13.61,0.567083,1.052754,24.0,11.95,0.497917,0.92435
Penner Farms - 33-8-13 pump (site 3),2024-01-19,Normal,61.23,,,24.0,12.51,0.52125,1.021558,24.0,13.49,0.562083,1.101584,24.0,11.08,0.461667,0.904785,24.0,12.51,0.52125,1.021558,24.0,11.64,0.485,0.950514
Penner Farms - 33-8-13 pump (site 3),2024-01-20,Normal,75.25,,,24.0,14.23,0.592917,0.945515,24.0,14.84,0.618333,0.986047,24.0,12.92,0.538333,0.858472,24.0,14.12,0.588333,0.938206,24.0,19.14,0.7975,1.271761
Penner Farms - 33-8-13 pump (site 3),2024-01-21,Normal,107.65,,,24.0,15.01,0.625417,0.697167,24.0,15.57,0.64875,0.723177,24.0,18.8,0.783333,0.8732,24.0,21.43,0.892917,0.995355,24.0,36.84,1.535,1.711101
Penner Farms - 33-8-13 pump (site 3),,Marker - 8 additional day(s) without incident,,,,,,,,,,,,,,,,,,,,,,,
Penner Farms - 33-8-13 pump (site 3),2024-01-30,Normal,349.94,,,24.0,69.97,2.915417,0.999743,24.0,71.47,2.977917,1.021175,24.0,67.34,2.805833,0.962165,24.0,71.79,2.99125,1.025747,24.0,69.37,2.890417,0.99117
Penner Farms - 33-8-13 pump (site 3),2024-01-31,Normal,578.8,,,24.0,115.71,4.82125,0.999568,24.0,117.06,4.8775,1.01123,24.0,111.47,4.644583,0.962941,24.0,118.36,4.931667,1.02246,24.0,116.2,4.841667,1.003801
Penner Farms - 33-8-13 pump (site 3),2024-02-01,Normal,644.68,,,24.0,128.77,5.365417,0.998713,24.0,130.2,5.425,1.009803,24.0,124.4,5.183333,0.96482,24.0,131.54,5.480833,1.020196,24.0,129.77,5.407083,1.006468
Penner Farms - 33-8-13 pump (site 3),2024-02-02,Normal,605.99,,,24.0,120.99,5.04125,0.998284,24.0,122.36,5.098333,1.009588,24.0,117.05,4.877083,0.965775,24.0,123.56,5.148333,1.019489,24.0,122.03,5.084583,1.006865
Penner Farms - 33-8-13 pump (site 3),2024-02-03,Normal,102.22,,,24.0,20.44,0.851667,0.999804,24.0,20.56,0.856667,1.005674,24.0,20.25,0.84375,0.990511,24.0,20.55,0.85625,1.005185,24.0,20.42,0.850833,0.998826
Penner Farms - 33-8-13 pump (site 3),2024-02-04,sustained_underperformance,163.99,FRONIUS-a93e4e65-6f50-4a8f-a7e3--G004,Symo  24.0-3 480 (6) (315562),24.0,33.48,1.395,1.020794,24.0,38.83,1.617917,1.183914,24.0,25.65,1.06875,0.78206,24.0,40.29,1.67875,1.228429,24.0,25.74,1.0725,0.784804
Penner Farms - 33-8-13 pump (site 3),2024-02-05,sustained_underperformance,364.49,FRONIUS-a93e4e65-6f50-4a8f-a7e3--G004,Symo  24.0-3 480 (6) (315562),24.0,74.81,3.117083,1.026228,24.0,87.42,3.6425,1.19921,24.0,51.8,2.158333,0.710582,24.0,94.31,3.929583,1.293725,24.0,56.15,2.339583,0.770254
Penner Farms - 33-8-13 pump (site 3),2024-02-06,sustained_underperformance,151.39,FRONIUS-a93e4e65-6f50-4a8f-a7e3--G004,Symo  24.0-3 480 (6) (315562),24.0,29.51,1.229583,0.974635,24.0,36.08,1.503333,1.191624,24.0,23.32,0.971667,0.770196,24.0,35.68,1.486667,1.178413,24.0,26.8,1.116667,0.885131
Penner Farms - 33-8-13 pump (site 3),2024-02-07,sustained_underperformance,148.62,FRONIUS-a93e4e65-6f50-4a8f-a7e3--G004,Symo  24.0-3 480 (6) (315562),24.0,29.18,1.215833,0.981698,24.0,34.78,1.449167,1.170098,24.0,22.35,0.93125,0.751918,24.0,35.3,1.470833,1.187593,24.0,27.01,1.125417,0.908693
Penner Farms - 33-8-13 pump (site 3),2024-02-08,Normal,177.33,,,24.0,34.29,1.42875,0.966841,24.0,40.72,1.696667,1.148142,24.0,28.65,1.19375,0.807816,24.0,41.73,1.73875,1.17662,24.0,31.94,1.330833,0.900581
Penner Farms - 33-8-13 pump (site 3),2024-02-09,Normal,110.38,,,24.0,23.02,0.959167,1.042761,24.0,22.3,0.929167,1.010147,24.0,18.51,0.77125,0.838467,24.0,28.38,1.1825,1.285559,24.0,18.17,0.757083,0.823066
Penner Farms - 33-8-13 pump (site 3),2024-02-10,Normal,570.31,,,24.0,115.98,4.8325,1.016815,24.0,124.09,5.170417,1.087917,24.0,100.66,4.194167,0.882502,24.0,121.55,5.064583,1.065649,24.0,108.03,4.50125,0.947116
Penner Farms - 33-8-13 pump (site 3),2024-02-11,Normal,336.59,,,24.0,67.24,2.801667,0.998841,24.0,69.29,2.887083,1.029294,24.0,65.05,2.710417,0.966309,24.0,68.53,2.855417,1.018004,24.0,66.48,2.77,0.987552
Penner Farms - 33-8-13 pump (site 3),2024-02-12,Normal,375.55,,,24.0,75.01,3.125417,0.998669,24.0,77.77,3.240417,1.035415,24.0,72.25,3.010417,0.961923,24.0,75.71,3.154583,1.007988,24.0,74.81,3.117083,0.996006
Penner Farms - 33-8-13 pump (site 3),,Marker - 334 additional day(s) without incident,,,,,,,,,,,,,,,,,,,,,,,
Penner Farms - 33-8-13 pump (site 3),2025-01-12,Normal,24.63,,,24.0,4.99,0.207917,1.012992,24.0,4.64,0.193333,0.941941,24.0,4.83,0.20125,0.980512,24.0,4.84,0.201667,0.982542,24.0,5.33,0.222083,1.082014
Penner Farms - 33-8-13 pump (site 3),2025-01-13,Normal,267.21,,,24.0,52.91,2.204583,0.990045,24.0,54.02,2.250833,1.010815,24.0,50.53,2.105417,0.945511,24.0,55.64,2.318333,1.041129,24.0,54.11,2.254583,1.0125
Penner Farms - 33-8-13 pump (site 3),2025-01-14,Normal,293.4,,,24.0,58.33,2.430417,0.994035,24.0,59.27,2.469583,1.010055,24.0,57.84,2.41,0.985685,24.0,59.55,2.48125,1.014826,24.0,58.41,2.43375,0.995399
Penner Farms - 33-8-13 pump (site 3),2025-01-15,Normal,506.53,,,24.0,100.86,4.2025,0.995597,24.0,103.29,4.30375,1.019584,24.0,98.4,4.1,0.971315,24.0,103.82,4.325833,1.024816,24.0,100.16,4.173333,0.988688
Penner Farms - 33-8-13 pump (site 3),2025-01-16,Normal,471.03,,,24.0,93.29,3.887083,0.990277,24.0,95.03,3.959583,1.008747,24.0,92.95,3.872917,0.986668,24.0,95.51,3.979583,1.013842,24.0,94.25,3.927083,1.000467
Penner Farms - 33-8-13 pump (site 3),2025-01-17,sustained_underperformance,199.09,FRONIUS-a93e4e65-6f50-4a8f-a7e3--G005,"Symo  24.0-3 480 (6) (315562), Symo 24.0-3 480 (7) (315570)",24.0,39.09,1.62875,0.981717,24.0,46.47,1.93625,1.16706,24.0,32.81,1.367083,0.823999,24.0,50.13,2.08875,1.258978,24.0,30.59,1.274583,0.768246
Penner Farms - 33-8-13 pump (site 3),2025-01-18,sustained_underperformance,287.86,FRONIUS-a93e4e65-6f50-4a8f-a7e3--G005,"Symo  24.0-3 480 (6) (315562), Symo 24.0-3 480 (7) (315570)",24.0,53.39,2.224583,0.927361,24.0,88.21,3.675417,1.532168,24.0,27.46,1.144167,0.476968,24.0,89.59,3.732917,1.556138,24.0,29.21,1.217083,0.507365
Penner Farms - 33-8-13 pump (site 3),2025-01-19,sustained_underperformance,448.51,FRONIUS-a93e4e65-6f50-4a8f-a7e3--G005,"Symo  24.0-3 480 (6) (315562), Symo 24.0-3 480 (7) (315570)",24.0,88.38,3.6825,0.985262,24.0,129.16,5.381667,1.439879,24.0,45.7,1.904167,0.509465,24.0,135.36,5.64,1.508996,24.0,49.91,2.079583,0.556398
Penner Farms - 33-8-13 pump (site 3),2025-01-20,sustained_underperformance,443.99,FRONIUS-a93e4e65-6f50-4a8f-a7e3--G005,"Symo  24.0-3 480 (6) (315562), Symo 24.0-3 480 (7) (315570)",24.0,89.84,3.743333,1.011734,24.0,122.99,5.124583,1.385054,24.0,49.78,2.074167,0.560598,24.0,126.63,5.27625,1.426046,24.0,54.75,2.28125,0.616568
Penner Farms - 33-8-13 pump (site 3),2025-01-21,Normal,129.4,,,24.0,25.46,1.060833,0.983771,24.0,26.59,1.107917,1.027434,24.0,25.3,1.054167,0.977589,24.0,26.46,1.1025,1.022411,24.0,25.59,1.06625,0.988794
Penner Farms - 33-8-13 pump (site 3),2025-01-22,Normal,268.18,,,24.0,53.3,2.220833,0.993736,24.0,47.01,1.95875,0.876464,24.0,50.13,2.08875,0.934633,24.0,63.28,2.636667,1.179805,24.0,54.46,2.269167,1.015363
Penner Farms - 33-8-13 pump (site 3),2025-01-23,Normal,138.11,,,24.0,28.06,1.169167,1.015857,24.0,27.91,1.162917,1.010426,24.0,26.54,1.105833,0.960828,24.0,28.18,1.174167,1.020201,24.0,27.42,1.1425,0.992687
Penner Farms - 33-8-13 pump (site 3),2025-01-24,Normal,219.11,,,24.0,43.46,1.810833,0.991739,24.0,43.87,1.827917,1.001095,24.0,42.03,1.75125,0.959107,24.0,44.95,1.872917,1.02574,24.0,44.8,1.866667,1.022318
Penner Farms - 33-8-13 pump (site 3),2025-01-25,Normal,547.6,,,24.0,99.45,4.14375,0.908053,24.0,114.52,4.771667,1.045654,24.0,108.64,4.526667,0.991965,24.0,114.32,4.763333,1.043828,24.0,110.67,4.61125,1.0105
Penner Farms - 33-8-13 pump (site 3),,Marker - 7 additional day(s) without incident,,,,,,,,,,,,,,,,,,,,,,,
Penner Farms - 33-8-13 pump (site 3),2025-02-02,Normal,85.28,,,24.0,17.53,0.730417,1.027791,24.0,18.05,0.752083,1.058279,24.0,15.45,0.64375,0.90584,24.0,18.5,0.770833,1.084662,24.0,15.75,0.65625,0.923429
Penner Farms - 33-8-13 pump (site 3),2025-02-03,Normal,76.86,,,24.0,15.71,0.654583,1.021988,24.0,15.78,0.6575,1.026542,24.0,13.76,0.573333,0.895134,24.0,17.58,0.7325,1.143638,24.0,14.03,0.584583,0.912698
Penner Farms - 33-8-13 pump (site 3),2025-02-04,Normal,45.9,,,24.0,10.01,0.417083,1.090414,24.0,8.63,0.359583,0.940087,24.0,9.41,0.392083,1.025054,24.0,8.53,0.355417,0.929194,24.0,9.32,0.388333,1.015251
Penner Farms - 33-8-13 pump (site 3),2025-02-05,Normal,93.61,,,24.0,18.33,0.76375,0.979062,24.0,17.79,0.74125,0.950219,24.0,17.22,0.7175,0.919774,24.0,20.16,0.84,1.076808,24.0,20.11,0.837917,1.074137
Penner Farms - 33-8-13 pump (site 3),2025-02-06,Normal,96.39,,,24.0,19.03,0.792917,0.987136,24.0,17.99,0.749583,0.933188,24.0,17.27,0.719583,0.89584,24.0,21.14,0.880833,1.096587,24.0,20.96,0.873333,1.08725
Penner Farms - 33-8-13 pump (site 3),2025-02-07,sustained_underperformance,156.52,FRONIUS-a93e4e65-6f50-4a8f-a7e3--G006,Symo  24.0-3 480 (5) (315554),24.0,20.55,0.85625,0.656466,24.0,17.22,0.7175,0.550089,24.0,29.53,1.230417,0.94333,24.0,39.99,1.66625,1.277473,24.0,49.23,2.05125,1.572642
Penner Farms - 33-8-13 pump (site 3),2025-02-08,sustained_underperformance,242.1,FRONIUS-a93e4e65-6f50-4a8f-a7e3--G006,Symo  24.0-3 480 (5) (315554),24.0,40.61,1.692083,0.838703,24.0,23.89,0.995417,0.493391,24.0,56.53,2.355417,1.167493,24.0,53.72,2.238333,1.109459,24.0,67.35,2.80625,1.390954
Penner Farms - 33-8-13 pump (site 3),2025-02-09,sustained_underperformance,185.68,FRONIUS-a93e4e65-6f50-4a8f-a7e3--G006,Symo  24.0-3 480 (5) (315554),24.0,34.21,1.425417,0.921209,24.0,21.93,0.91375,0.590532,24.0,39.67,1.652917,1.068236,24.0,41.04,1.71,1.105127,24.0,48.83,2.034583,1.314897
Penner Farms - 33-8-13 pump (site 3),2025-02-10,sustained_underperformance,362.29,FRONIUS-a93e4e65-6f50-4a8f-a7e3--G006,Symo  24.0-3 480 (5) (315554),24.0,61.44,2.56,0.847939,24.0,35.73,1.48875,0.493113,24.0,80.72,3.363333,1.114025,24.0,86.14,3.589167,1.188827,24.0,98.26,4.094167,1.356096
Penner Farms - 33-8-13 pump (site 3),2025-02-11,sustained_underperformance,252.87,FRONIUS-a93e4e65-6f50-4a8f-a7e3--G006,Symo  24.0-3 480 (5) (315554),24.0,44.95,1.872917,0.888797,24.0,26.44,1.101667,0.522798,24.0,57.96,2.415,1.146043,24.0,55.59,2.31625,1.099181,24.0,67.93,2.830417,1.34318
Penner Farms - 33-8-13 pump (site 3),2025-02-12,sustained_underperformance,405.28,FRONIUS-a93e4e65-6f50-4a8f-a7e3--G006,Symo  24.0-3 480 (5) (315554),24.0,73.79,3.074583,0.910358,24.0,38.1,1.5875,0.470045,24.0,94.59,3.94125,1.166971,24.0,88.52,3.688333,1.092084,24.0,110.28,4.595,1.360541
Penner Farms - 33-8-13 pump (site 3),2025-02-13,sustained_underperformance,600.05,FRONIUS-a93e4e65-6f50-4a8f-a7e3--G006,Symo  24.0-3 480 (5) (315554),24.0,112.76,4.698333,0.939588,24.0,87.11,3.629583,0.725856,24.0,133.31,5.554583,1.110824,24.0,122.26,5.094167,1.018748,24.0,144.61,6.025417,1.204983
Penner Farms - 33-8-13 pump (site 3),2025-02-14,Normal,124.04,,,24.0,23.84,0.993333,0.96098,24.0,21.12,0.88,0.851338,24.0,24.12,1.005,0.972267,24.0,27.88,1.161667,1.123831,24.0,27.08,1.128333,1.091583
Penner Farms - 33-8-13 pump (site 3),2025-02-15,Normal,117.31,,,24.0,24.06,1.0025,1.025488,24.0,21.61,0.900417,0.921064,24.0,24.1,1.004167,1.027193,24.0,22.93,0.955417,0.977325,24.0,24.61,1.025417,1.04893
Penner Farms - 33-8-13 pump (site 3),2025-02-16,Normal,92.64,,,24.0,19.03,0.792917,1.027094,24.0,16.67,0.694583,0.899719,24.0,19.37,0.807083,1.045445,24.0,17.77,0.740417,0.959089,24.0,19.8,0.825,1.068653
Penner Farms - 33-8-13 pump (site 3),2025-02-17,Normal,162.0,,,24.0,33.89,1.412083,1.045988,24.0,29.28,1.22,0.903704,24.0,30.75,1.28125,0.949074,24.0,33.21,1.38375,1.025,24.0,34.87,1.452917,1.076235
Penner Farms - 33-8-13 pump (site 3),2025-02-18,Normal,214.43,,,24.0,40.36,1.681667,0.9411,24.0,36.45,1.51875,0.849928,24.0,49.97,2.082083,1.165182,24.0,48.31,2.012917,1.126475,24.0,39.34,1.639167,0.917316
Penner Farms - 33-8-13 pump (site 3),,Marker - 26 additional day(s) without incident,,,,,,,,,,,,,,,,,,,,,,,
Penner Farms - 33-8-13 pump (site 3),2025-03-17,Normal,698.22,,,24.0,110.18,4.590833,0.789006,24.0,147.68,6.153333,1.057546,24.0,144.01,6.000417,1.031265,24.0,149.62,6.234167,1.071439,24.0,146.73,6.11375,1.050743
Penner Farms - 33-8-13 pump (site 3),2025-03-18,Normal,229.38,,,24.0,42.98,1.790833,0.936873,24.0,46.96,1.956667,1.023629,24.0,46.22,1.925833,1.007498,24.0,46.94,1.955833,1.023193,24.0,46.28,1.928333,1.008806
Penner Farms - 33-8-13 pump (site 3),2025-03-19,Normal,859.0,,,24.0,151.77,6.32375,0.883411,24.0,176.65,7.360417,1.028231,24.0,176.37,7.34875,1.026601,24.0,177.21,7.38375,1.03149,24.0,177.0,7.375,1.030268
Penner Farms - 33-8-13 pump (site 3),2025-03-20,Normal,457.34,,,24.0,91.64,3.818333,1.00188,24.0,91.66,3.819167,1.002099,24.0,91.05,3.79375,0.99543,24.0,91.75,3.822917,1.003083,24.0,91.24,3.801667,0.997507
Penner Farms - 33-8-13 pump (site 3),2025-03-21,Normal,287.96,,,24.0,55.99,2.332917,0.972184,24.0,58.07,2.419583,1.0083,24.0,57.68,2.403333,1.001528,24.0,58.22,2.425833,1.010904,24.0,58.0,2.416667,1.007084
Penner Farms - 33-8-13 pump (site 3),2025-03-22,site_missing_data,287.96,FRONIUS-a93e4e65-6f50-4a8f-a7e3--G007,ALL_INVERTERS,24.0,0.0,0.0,,24.0,0.0,0.0,,24.0,0.0,0.0,,24.0,0.0,0.0,,24.0,0.0,0.0,
Penner Farms - 33-8-13 pump (site 3),2025-03-23,site_missing_data,372.65,FRONIUS-a93e4e65-6f50-4a8f-a7e3--G007,ALL_INVERTERS,24.0,0.0,0.0,,24.0,0.0,0.0,,24.0,0.0,0.0,,24.0,0.0,0.0,,24.0,0.0,0.0,
Penner Farms - 33-8-13 pump (site 3),2025-03-24,site_missing_data,457.34,FRONIUS-a93e4e65-6f50-4a8f-a7e3--G007,ALL_INVERTERS,24.0,0.0,0.0,,24.0,0.0,0.0,,24.0,0.0,0.0,,24.0,0.0,0.0,,24.0,0.0,0.0,
Penner Farms - 33-8-13 pump (site 3),2025-03-25,site_missing_data,372.65,FRONIUS-a93e4e65-6f50-4a8f-a7e3--G007,ALL_INVERTERS,24.0,0.0,0.0,,24.0,0.0,0.0,,24.0,0.0,0.0,,24.0,0.0,0.0,,24.0,0.0,0.0,
Penner Farms - 33-8-13 pump (site 3),2025-03-26,site_missing_data,457.34,FRONIUS-a93e4e65-6f50-4a8f-a7e3--G007,ALL_INVERTERS,24.0,0.0,0.0,,24.0,0.0,0.0,,24.0,0.0,0.0,,24.0,0.0,0.0,,24.0,0.0,0.0,
Penner Farms - 33-8-13 pump (site 3),2025-03-27,site_missing_data,372.65,FRONIUS-a93e4e65-6f50-4a8f-a7e3--G007,ALL_INVERTERS,24.0,0.0,0.0,,24.0,0.0,0.0,,24.0,0.0,0.0,,24.0,0.0,0.0,,24.0,0.0,0.0,
Penner Farms - 33-8-13 pump (site 3),2025-03-28,site_missing_data,287.96,FRONIUS-a93e4e65-6f50-4a8f-a7e3--G007,ALL_INVERTERS,24.0,0.0,0.0,,24.0,0.0,0.0,,24.0,0.0,0.0,,24.0,0.0,0.0,,24.0,0.0,0.0,
Penner Farms - 33-8-13 pump (site 3),2025-03-29,Normal,,,,24.0,0.0,0.0,,24.0,0.0,0.0,,24.0,0.0,0.0,,24.0,0.0,0.0,,24.0,0.0,0.0,
Penner Farms - 33-8-13 pump (site 3),2025-03-30,Normal,,,,24.0,0.0,0.0,,24.0,0.0,0.0,,24.0,0.0,0.0,,24.0,0.0,0.0,,24.0,0.0,0.0,
Penner Farms - 33-8-13 pump (site 3),2025-03-31,Normal,,,,24.0,0.0,0.0,,24.0,0.0,0.0,,24.0,0.0,0.0,,24.0,0.0,0.0,,24.0,0.0,0.0,
Penner Farms - 33-8-13 pump (site 3),2025-04-01,Normal,,,,24.0,0.0,0.0,,24.0,0.0,0.0,,24.0,0.0,0.0,,24.0,0.0,0.0,,24.0,0.0,0.0,
Penner Farms - 33-8-13 pump (site 3),2025-04-02,Normal,,,,24.0,0.0,0.0,,24.0,0.0,0.0,,24.0,0.0,0.0,,24.0,0.0,0.0,,24.0,0.0,0.0,
Penner Farms - 33-8-13 pump (site 3),,Marker - 254 additional day(s) without incident,,,,,,,,,,,,,,,,,,,,,,,
Penner Farms - 33-8-13 pump (site 3),2025-12-13,Normal,,,,24.0,0.0,0.0,,24.0,0.0,0.0,,24.0,0.0,0.0,,24.0,0.0,0.0,,24.0,0.0,0.0,
Penner Farms - 33-8-13 pump (site 3),2025-12-14,Normal,,,,24.0,0.0,0.0,,24.0,0.0,0.0,,24.0,0.0,0.0,,24.0,0.0,0.0,,24.0,0.0,0.0,
Penner Farms - 33-8-13 pump (site 3),2025-12-15,Normal,,,,24.0,0.0,0.0,,24.0,0.0,0.0,,24.0,0.0,0.0,,24.0,0.0,0.0,,24.0,0.0,0.0,
Penner Farms - 33-8-13 pump (site 3),2025-12-16,Normal,,,,24.0,0.0,0.0,,24.0,0.0,0.0,,24.0,0.0,0.0,,24.0,0.0,0.0,,24.0,0.0,0.0,
Penner Farms - 33-8-13 pump (site 3),2025-12-17,Normal,,,,24.0,0.0,0.0,,24.0,0.0,0.0,,24.0,0.0,0.0,,24.0,0.0,0.0,,24.0,0.0,0.0,
Penner Farms - 33-8-13 pump (site 3),2025-12-18,site_missing_data,240.0,FRONIUS-a93e4e65-6f50-4a8f-a7e3--G008,ALL_INVERTERS,24.0,0.0,0.0,,24.0,0.0,0.0,,24.0,0.0,0.0,,24.0,0.0,0.0,,24.0,0.0,0.0,
Penner Farms - 33-8-13 pump (site 3),2025-12-19,site_missing_data,,FRONIUS-a93e4e65-6f50-4a8f-a7e3--G008,ALL_INVERTERS,24.0,0.0,0.0,,24.0,0.0,0.0,,24.0,0.0,0.0,,24.0,0.0,0.0,,24.0,0.0,0.0,
Penner Farms - 33-8-13 pump (site 3),2025-12-20,site_missing_data,,FRONIUS-a93e4e65-6f50-4a8f-a7e3--G008,ALL_INVERTERS,24.0,0.0,0.0,,24.0,0.0,0.0,,24.0,0.0,0.0,,24.0,0.0,0.0,,24.0,0.0,0.0,
Penner Farms - 33-8-13 pump (site 3),2025-12-21,site_missing_data,144.4,FRONIUS-a93e4e65-6f50-4a8f-a7e3--G008,ALL_INVERTERS,24.0,0.0,0.0,,24.0,0.0,0.0,,24.0,0.0,0.0,,24.0,0.0,0.0,,24.0,0.0,0.0,
Penner Farms - 33-8-13 pump (site 3),2025-12-22,site_missing_data,184.405,FRONIUS-a93e4e65-6f50-4a8f-a7e3--G008,ALL_INVERTERS,24.0,0.0,0.0,,24.0,0.0,0.0,,24.0,0.0,0.0,,24.0,0.0,0.0,,24.0,0.0,0.0,
Penner Farms - 33-8-13 pump (site 3),2025-12-23,site_missing_data,224.41,FRONIUS-a93e4e65-6f50-4a8f-a7e3--G008,ALL_INVERTERS,24.0,0.0,0.0,,24.0,0.0,0.0,,24.0,0.0,0.0,,24.0,0.0,0.0,,24.0,0.0,0.0,
Penner Farms - 33-8-13 pump (site 3),2025-12-24,Normal,41.11,,,24.0,8.22,0.3425,0.999757,24.0,8.29,0.345417,1.00827,24.0,8.2,0.341667,0.997324,24.0,8.24,0.343333,1.002189,24.0,8.16,0.34,0.992459
Penner Farms - 33-8-13 pump (site 3),2025-12-25,Normal,438.89,,,24.0,86.93,3.622083,0.990339,24.0,89.62,3.734167,1.020985,24.0,84.39,3.51625,0.961403,24.0,92.01,3.83375,1.048213,24.0,85.94,3.580833,0.979061
Penner Farms - 33-8-13 pump (site 3),2025-12-26,Normal,37.02,,,24.0,7.39,0.307917,0.998109,24.0,7.42,0.309167,1.002161,24.0,7.39,0.307917,0.998109,24.0,7.45,0.310417,1.006213,24.0,7.37,0.307083,0.995408
Penner Farms - 33-8-13 pump (site 3),2025-12-27,Normal,144.4,,,24.0,29.49,1.22875,1.021122,24.0,34.34,1.430833,1.189058,24.0,26.15,1.089583,0.905471,24.0,34.48,1.436667,1.193906,24.0,19.94,0.830833,0.690443
Penner Farms - 33-8-13 pump (site 3),2025-12-28,Normal,336.13,,,24.0,65.59,2.732917,0.975664,24.0,74.39,3.099583,1.106566,24.0,53.19,2.21625,0.791212,24.0,79.85,3.327083,1.187784,24.0,63.11,2.629583,0.938774
Penner Farms - 33-8-13 pump (site 3),2025-12-29,Normal,224.41,,,24.0,44.46,1.8525,0.990598,24.0,48.14,2.005833,1.07259,24.0,40.43,1.684583,0.900807,24.0,49.85,2.077083,1.11069,24.0,41.53,1.730417,0.925315
Penner Farms - 33-8-13 pump (site 3),2025-12-30,Normal,377.58,,,24.0,74.86,3.119167,0.991313,24.0,77.8,3.241667,1.030245,24.0,72.77,3.032083,0.963637,24.0,78.16,3.256667,1.035012,24.0,73.99,3.082917,0.979792
Penner Farms - 33-8-13 pump (site 3),2025-12-31,Normal,173.75,,,24.0,34.6,1.441667,0.995683,24.0,36.4,1.516667,1.047482,24.0,32.75,1.364583,0.942446,24.0,36.51,1.52125,1.050647,24.0,33.49,1.395417,0.963741
Penner Farms - 33-8-13 pump (site 3),2026-01-01,Normal,259.48,,,24.0,52.28,2.178333,1.007399,24.0,54.07,2.252917,1.041891,24.0,48.9,2.0375,0.942269,24.0,54.4,2.266667,1.04825,24.0,49.83,2.07625,0.96019
Penner Farms - 33-8-13 pump (site 3),2026-01-02,Normal,94.83,,,24.0,18.5,0.770833,0.97543,24.0,19.32,0.805,1.018665,24.0,18.71,0.779583,0.986502,24.0,19.59,0.81625,1.032901,24.0,18.71,0.779583,0.986502
