site_name,date,status,site_total_kwh,incident_id,focus_inverter_name,omitted_days,181147023C150008__rated_kw,181147023C150008__daily_energy_kwh,181147023C150008__specific_yield_kwh_per_kw,181147023C150008__relative_specific_yield_vs_site_avg,181147023C150012__rated_kw,181147023C150012__daily_energy_kwh,181147023C150012__specific_yield_kwh_per_kw,181147023C150012__relative_specific_yield_vs_site_avg
Hutterville Layer Barn,2025-08-04,Normal,,,,,60.0,0.0,0.0,,60.0,0.0,0.0,
Hutterville Layer Barn,2025-08-05,Normal,,,,,60.0,0.0,0.0,,60.0,0.0,0.0,
Hutterville Layer Barn,2025-08-06,Normal,,,,,60.0,0.0,0.0,,60.0,0.0,0.0,
Hutterville Layer Barn,2025-08-07,Normal,,,,,60.0,0.0,0.0,,60.0,0.0,0.0,
Hutterville Layer Barn,2025-08-08,Normal,,,,,60.0,0.0,0.0,,60.0,0.0,0.0,
Hutterville Layer Barn,2025-08-09,Normal,,,,,60.0,0.0,0.0,,60.0,0.0,0.0,
Hutterville Layer Barn,2025-08-10,Normal,,,,,60.0,0.0,0.0,,60.0,0.0,0.0,
Hutterville Layer Barn,2025-08-11,Normal,,,,,60.0,0.0,0.0,,60.0,0.0,0.0,
Hutterville Layer Barn,2025-08-12,Normal,,,,,60.0,0.0,0.0,,60.0,0.0,0.0,
Hutterville Layer Barn,2025-08-13,Normal,,,,,60.0,0.0,0.0,,60.0,0.0,0.0,
Hutterville Layer Barn,2025-08-14,offline_or_near_zero,169.7,SOLIS-1298491919450210825-001,181147023C150012,,60.0,169.7,2.828333,2.0,60.0,0.0,0.0,0.0
Hutterville Layer Barn,2025-08-15,Normal,711.3,,,,60.0,345.0,5.75,0.970055,60.0,366.3,6.105,1.029945
Hutterville Layer Barn,2025-08-16,Normal,794.5,,,,60.0,394.3,6.571667,0.992574,60.0,400.2,6.67,1.007426
Hutterville Layer Barn,2025-08-17,Normal,978.5,,,,60.0,485.0,8.083333,0.991313,60.0,493.5,8.225,1.008687
Hutterville Layer Barn,2025-08-18,Normal,994.7,,,,60.0,493.4,8.223333,0.992058,60.0,501.3,8.355,1.007942
Hutterville Layer Barn,2025-08-19,Normal,1010.0,,,,60.0,502.1,8.368333,0.994257,60.0,507.9,8.465,1.005743
Hutterville Layer Barn,2025-08-20,Normal,967.1,,,,60.0,480.5,8.008333,0.993692,60.0,486.6,8.11,1.006308
Hutterville Layer Barn,2025-08-21,Normal,1012.5,,,,60.0,500.4,8.34,0.988444,60.0,512.1,8.535,1.011556
Hutterville Layer Barn,2025-08-22,Normal,1023.6,,,,60.0,506.7,8.445,0.990035,60.0,516.9,8.615,1.009965
Hutterville Layer Barn,2025-08-23,Normal,1025.8,,,,60.0,508.5,8.475,0.991421,60.0,517.3,8.621667,1.008579
Hutterville Layer Barn,2025-08-24,Normal,1020.6,,,,60.0,507.4,8.456667,0.994317,60.0,513.2,8.553333,1.005683
Hutterville Layer Barn,,Omitted,,,,22,,,,,,,,
Hutterville Layer Barn,2025-09-16,Normal,935.8,,,,60.0,463.0,7.716667,0.989528,60.0,472.8,7.88,1.010472
Hutterville Layer Barn,2025-09-17,Normal,952.2,,,,60.0,472.7,7.878333,0.992859,60.0,479.5,7.991667,1.007141
Hutterville Layer Barn,2025-09-18,Normal,948.1,,,,60.0,469.2,7.82,0.989769,60.0,478.9,7.981667,1.010231
Hutterville Layer Barn,2025-09-19,Normal,930.0,,,,60.0,460.1,7.668333,0.989462,60.0,469.9,7.831667,1.010538
Hutterville Layer Barn,2025-09-20,Normal,933.9,,,,60.0,461.9,7.698333,0.989185,60.0,472.0,7.866667,1.010815
Hutterville Layer Barn,2025-09-21,Normal,455.2,,,,60.0,222.5,3.708333,0.977592,60.0,232.7,3.878333,1.022408
Hutterville Layer Barn,2025-09-22,Normal,786.7,,,,60.0,388.0,6.466667,0.986399,60.0,398.7,6.645,1.013601
Hutterville Layer Barn,2025-09-23,Normal,956.4,,,,60.0,474.0,7.9,0.991217,60.0,482.4,8.04,1.008783
Hutterville Layer Barn,2025-09-24,Normal,952.5,,,,60.0,470.2,7.836667,0.987297,60.0,482.3,8.038333,1.012703
Hutterville Layer Barn,2025-09-25,Normal,952.0,,,,60.0,469.9,7.831667,0.987185,60.0,482.1,8.035,1.012815
Hutterville Layer Barn,2025-09-26,site_missing_data,930.0,SOLIS-1298491919450210825-002,ALL_INVERTERS,,60.0,0.0,0.0,,60.0,0.0,0.0,
Hutterville Layer Barn,2025-09-27,site_missing_data,860.3,SOLIS-1298491919450210825-002,ALL_INVERTERS,,60.0,0.0,0.0,,60.0,0.0,0.0,
Hutterville Layer Barn,2025-09-28,site_missing_data,786.7,SOLIS-1298491919450210825-002,ALL_INVERTERS,,60.0,0.0,0.0,,60.0,0.0,0.0,
Hutterville Layer Barn,2025-09-29,Normal,663.9,,,,60.0,322.5,5.375,0.971532,60.0,341.4,5.69,1.028468
Hutterville Layer Barn,,Omitted,,,,1,,,,,,,,
Hutterville Layer Barn,2025-10-01,site_missing_data,911.95,SOLIS-1298491919450210825-003,ALL_INVERTERS,,60.0,0.0,0.0,,60.0,0.0,0.0,
Hutterville Layer Barn,2025-10-02,site_missing_data,903.9,SOLIS-1298491919450210825-003,ALL_INVERTERS,,60.0,0.0,0.0,,60.0,0.0,0.0,
Hutterville Layer Barn,2025-10-03,site_missing_data,898.15,SOLIS-1298491919450210825-003,ALL_INVERTERS,,60.0,0.0,0.0,,60.0,0.0,0.0,
Hutterville Layer Barn,2025-10-04,site_missing_data,897.0,SOLIS-1298491919450210825-003,ALL_INVERTERS,,60.0,0.0,0.0,,60.0,0.0,0.0,
Hutterville Layer Barn,2025-10-05,site_missing_data,865.6,SOLIS-1298491919450210825-003,ALL_INVERTERS,,60.0,0.0,0.0,,60.0,0.0,0.0,
Hutterville Layer Barn,2025-10-06,site_missing_data,834.2,SOLIS-1298491919450210825-003,ALL_INVERTERS,,60.0,0.0,0.0,,60.0,0.0,0.0,
Hutterville Layer Barn,2025-10-07,Normal,908.5,,,,60.0,445.6,7.426667,0.980958,60.0,462.9,7.715,1.019042
Hutterville Layer Barn,2025-10-08,Normal,915.4,,,,60.0,448.0,7.466667,0.978807,60.0,467.4,7.79,1.021193
Hutterville Layer Barn,2025-10-09,Normal,899.3,,,,60.0,441.8,7.363333,0.982542,60.0,457.5,7.625,1.017458
Hutterville Layer Barn,2025-10-10,Normal,897.0,,,,60.0,440.6,7.343333,0.982386,60.0,456.4,7.606667,1.017614
Hutterville Layer Barn,2025-10-11,Normal,834.2,,,,60.0,408.0,6.8,0.978183,60.0,426.2,7.103333,1.021817
Hutterville Layer Barn,2025-10-12,Normal,82.0,,,,60.0,37.7,0.628333,0.919512,60.0,44.3,0.738333,1.080488
Hutterville Layer Barn,2025-10-13,Normal,456.9,,,,60.0,221.1,3.685,0.967827,60.0,235.8,3.93,1.032173
Hutterville Layer Barn,,Omitted,,,,3,,,,,,,,
Hutterville Layer Barn,2025-10-17,Normal,462.4,,,,60.0,221.7,3.695,0.95891,60.0,240.7,4.011667,1.04109
Hutterville Layer Barn,2025-10-18,Normal,45.8,,,,60.0,17.0,0.283333,0.742358,60.0,28.8,0.48,1.257642
Hutterville Layer Barn,2025-10-19,Normal,360.2,,,,60.0,177.2,2.953333,0.983898,60.0,183.0,3.05,1.016102
Hutterville Layer Barn,2025-10-20,Normal,603.6,,,,60.0,283.1,4.718333,0.938038,60.0,320.5,5.341667,1.061962
Hutterville Layer Barn,2025-10-21,site_missing_data,603.6,SOLIS-1298491919450210825-004,ALL_INVERTERS,,60.0,0.0,0.0,,60.0,0.0,0.0,
Hutterville Layer Barn,,Omitted,,,,1,,,,,,,,
Hutterville Layer Barn,2025-10-23,site_missing_data,688.4,SOLIS-1298491919450210825-005,ALL_INVERTERS,,60.0,0.0,0.0,,60.0,0.0,0.0,
Hutterville Layer Barn,,Omitted,,,,1,,,,,,,,
Hutterville Layer Barn,2025-10-25,site_missing_data,603.6,SOLIS-1298491919450210825-006,ALL_INVERTERS,,60.0,0.0,0.0,,60.0,0.0,0.0,
Hutterville Layer Barn,2025-10-26,Normal,688.4,,,,60.0,329.8,5.496667,0.958164,60.0,358.6,5.976667,1.041836
Hutterville Layer Barn,,Omitted,,,,1,,,,,,,,
Hutterville Layer Barn,2025-10-28,site_missing_data,721.3,SOLIS-1298491919450210825-007,ALL_INVERTERS,,60.0,0.0,0.0,,60.0,0.0,0.0,
Hutterville Layer Barn,2025-10-29,Normal,736.1,,,,60.0,358.3,5.971667,0.973509,60.0,377.8,6.296667,1.026491
Hutterville Layer Barn,2025-10-30,Normal,757.7,,,,60.0,369.0,6.15,0.974,60.0,388.7,6.478333,1.026
Hutterville Layer Barn,2025-10-31,Normal,423.3,,,,60.0,194.3,3.238333,0.918025,60.0,229.0,3.816667,1.081975
Hutterville Layer Barn,2025-11-01,Normal,241.2,,,,60.0,115.2,1.92,0.955224,60.0,126.0,2.1,1.044776
Hutterville Layer Barn,2025-11-02,Normal,802.3,,,,60.0,390.3,6.505,0.972953,60.0,412.0,6.866667,1.027047
Hutterville Layer Barn,2025-11-03,Normal,294.3,,,,60.0,141.0,2.35,0.958206,60.0,153.3,2.555,1.041794
Hutterville Layer Barn,2025-11-04,Normal,721.3,,,,60.0,338.8,5.646667,0.939415,60.0,382.5,6.375,1.060585
Hutterville Layer Barn,2025-11-05,Normal,161.9,,,,60.0,78.0,1.3,0.963558,60.0,83.9,1.398333,1.036442
Hutterville Layer Barn,2025-11-06,Normal,724.2,,,,60.0,347.6,5.793333,0.959956,60.0,376.6,6.276667,1.040044
Hutterville Layer Barn,2025-11-07,Normal,115.5,,,,60.0,53.3,0.888333,0.922944,60.0,62.2,1.036667,1.077056
